ID,ACTIVITY_DATE,TOTAL_STEPS,TOTAL_DISTANCE,MEAN_DAILY_MET,MAX_DAILY_MET,CALORIES,VERY_ACTIVE_DISTANCE,MODERATE_ACTIVE_DISTANCE,LIGHT_ACTIVE_DIST,SEDENTARY_ACTIVE_DIST,VERY_ACTIVE_MINUTES,FAIRLY_ACTIVE_MINUTES,LIGHT_ACTIVE_MINUTES,SEDENTARY_ACTIVE_MINUTES
1503960366,04/12/2016,13162,8.5,17.53,99.00,1985,1.8799999952,0.5500000119,6.0599999428,0,25,13,328,728
1503960366,04/13/2016,10735,6.9699997902,15.87,111.00,1797,1.5700000525,0.6899999976,4.7100000381,0,21,19,217,776
1503960366,04/14/2016,10460,6.7399997711,15.69,97.00,1776,2.4400000572,0.400000006,3.9100000858,0,30,11,181,1218
1503960366,04/15/2016,9762,6.2800002098,15.41,97.00,1745,2.1400001049,1.2599999905,2.8299999237,0,29,34,209,726
1503960366,04/16/2016,12669,8.1599998474,16.45,103.00,1863,2.7100000381,0.4099999964,5.0399999619,0,36,10,221,773
1503960366,04/17/2016,9705,6.4800000191,15.26,95.00,1728,3.1900000572,0.7799999714,2.5099999905,0,38,20,164,539
1503960366,04/18/2016,13019,8.5900001526,16.97,107.00,1921,3.25,0.6399999857,4.7100000381,0,42,16,233,1149
1503960366,04/19/2016,15506,9.8800001144,17.97,109.00,2035,3.5299999714,1.3200000525,5.0300002098,0,50,31,264,775
1503960366,04/20/2016,10544,6.6799998283,15.78,84.00,1786,1.9600000381,0.4799999893,4.2399997711,0,28,12,205,818
1503960366,04/21/2016,9819,6.3400001526,15.68,103.00,1775,1.3400000334,0.349999994,4.6500000954,0,19,8,211,838
1503960366,04/22/2016,12764,8.1300001144,16.14,93.00,1827,4.7600002289,1.1200000048,2.2400000095,0,66,27,130,1217
1503960366,04/23/2016,14371,9.0399999619,17.21,80.00,1949,2.8099999428,0.8700000048,5.3600001335,0,41,21,262,732
1503960366,04/24/2016,10039,6.4099998474,15.80,93.00,1788,2.9200000763,0.2099999934,3.2799999714,0,39,5,238,709
1503960366,04/25/2016,15355,9.8000001907,17.78,95.00,2013,5.2899999619,0.5699999928,3.9400000572,0,73,14,216,814
1503960366,04/26/2016,13755,8.7899999619,17.40,93.00,1970,2.3299999237,0.9200000167,5.5399999619,0,31,23,279,833
1503960366,04/27/2016,18134,12.210000038,19.06,97.00,2159,6.4000000954,0.4099999964,5.4099998474,0,78,11,243,1108
1503960366,04/28/2016,13154,8.529999733,16.76,103.00,1898,3.5399999619,1.1599999666,3.7899999619,0,48,28,189,782
1503960366,04/29/2016,11181,7.1500000954,16.23,99.00,1837,1.0599999428,0.5,5.5799999237,0,16,12,243,815
1503960366,04/30/2016,14673,9.25,17.20,88.00,1947,3.5599999428,1.4199999571,4.2699999809,0,52,34,217,712
1503960366,05/01/2016,10602,6.8099999428,16.17,95.00,1820,2.2899999619,1.6000000238,2.9200000763,0,33,35,246,730
1503960366,05/02/2016,14727,9.7100000381,17.82,105.00,2004,3.2100000381,0.5699999928,5.9200000763,0,41,15,277,798
1503960366,05/03/2016,15103,9.6599998474,17.69,93.00,1990,3.7300000191,1.0499999523,4.8800001144,0,50,24,254,816
1503960366,05/04/2016,11100,7.1500000954,16.17,101.00,1819,2.4600000381,0.8700000048,3.8199999332,0,36,22,203,1179
1503960366,05/05/2016,14070,8.8999996185,17.42,105.00,1959,2.9200000763,1.0800000429,4.8800001144,0,45,24,250,857
1503960366,05/06/2016,12159,8.029999733,16.86,107.00,1896,1.9700000286,0.25,5.8099999428,0,24,6,289,754
1503960366,05/07/2016,11992,7.7100000381,16.19,99.00,1821,2.4600000381,2.1199998856,3.1300001144,0,37,46,175,833
1503960366,05/08/2016,10060,6.5799999237,15.47,97.00,1740,3.5299999714,0.3199999928,2.7300000191,0,44,8,203,574
1503960366,05/09/2016,12022,7.7199997902,16.17,93.00,1819,3.4500000477,0.5299999714,3.7400000095,0,46,11,206,835
1503960366,05/10/2016,12207,7.7699999809,16.53,93.00,1859,3.3499999046,1.1599999666,3.2599999905,0,46,31,214,746
1503960366,05/11/2016,12770,8.1300001144,17.50,101.00,1783,2.5599999428,1.0099999905,4.5500001907,0,36,23,251,669
1503960366,05/12/2016,0,0,,,0,0,0,0,0,0,0,0,1440
1624580081,04/12/2016,8163,5.3099999428,11.97,72.00,1432,0,0,5.3099999428,0,0,0,146,1294
1624580081,04/13/2016,7007,4.5500001907,11.80,82.00,1411,0,0,4.5500001907,0,0,0,148,1292
1624580081,04/14/2016,9107,5.9200000763,13.14,74.00,1572,0,0,5.9099998474,0.0099999998,0,0,236,1204
1624580081,04/15/2016,1510,0.9800000191,11.23,66.00,1344,0,0,0.9700000286,0,0,0,96,1344
1624580081,04/16/2016,5370,3.4900000095,12.23,72.00,1463,0,0,3.4900000095,0,0,0,176,1264
1624580081,04/17/2016,6175,4.0599999428,12.99,86.00,1554,1.0299999714,1.5199999809,1.4900000095,0.0099999998,15,22,127,1276
1624580081,04/18/2016,10536,7.4099998474,13.41,79.00,1604,2.1500000954,0.6200000048,4.6199998856,0.0099999998,17,7,202,1214
1624580081,04/19/2016,2916,1.8999999762,12.00,84.00,1435,0,0,1.8999999762,0,0,0,141,1299
1624580081,04/20/2016,4974,3.2300000191,12.08,104.00,1446,0,0,3.2300000191,0,0,0,151,1289
1624580081,04/21/2016,6349,4.1300001144,12.26,102.00,1467,0,0,4.1100001335,0.0199999996,0,0,186,1254
1624580081,04/22/2016,4026,2.6199998856,12.29,66.00,1470,0,0,2.5999999046,0,0,0,199,1241
1624580081,04/23/2016,8538,5.5500001907,13.06,84.00,1562,0,0,5.5399999619,0.0099999998,0,0,227,1213
1624580081,04/24/2016,6076,3.9500000477,13.51,88.00,1617,1.1499999762,0.9100000262,1.8899999857,0,16,18,185,1221
1624580081,04/25/2016,6497,4.2199997902,12.47,54.00,1492,0,0,4.1999998093,0.0199999996,0,0,202,1238
1624580081,04/26/2016,2826,1.8400000334,11.72,50.00,1402,0,0,1.8300000429,0.0099999998,0,0,140,1300
1624580081,04/27/2016,8367,5.4400000572,13.96,74.00,1670,1.1100000143,1.8700000048,2.4600000381,0,17,36,154,1233
1624580081,04/28/2016,2759,1.7899999619,11.72,84.00,1401,0,0.200000003,1.6000000238,0,0,5,115,1320
1624580081,04/29/2016,2390,1.5499999523,11.74,52.00,1404,0,0,1.5499999523,0,0,0,150,1290
1624580081,04/30/2016,6474,4.3000001907,13.83,87.00,1655,0.8999999762,1.2799999714,2.1199998856,0.0099999998,11,23,224,1182
1624580081,05/01/2016,36019,28.030000687,22.49,107.00,2690,21.920000076,4.1900000572,1.9099999666,0.0199999996,186,63,171,1020
1624580081,05/02/2016,7155,4.9299998283,12.51,87.00,1497,0.8600000143,0.5899999738,3.4700000286,0,7,6,166,1261
1624580081,05/03/2016,2100,1.3700000048,11.15,42.00,1334,0,0,1.3400000334,0.0199999996,0,0,96,1344
1624580081,05/04/2016,2193,1.4299999475,11.44,54.00,1368,0,0,1.4199999571,0,0,0,118,1322
1624580081,05/05/2016,2470,1.6100000143,11.46,60.00,1370,0,0,1.5800000429,0.0199999996,0,0,117,1323
1624580081,05/06/2016,1727,1.1200000048,11.21,52.00,1341,0,0,1.1200000048,0.0099999998,0,0,102,1338
1624580081,05/07/2016,2104,1.3700000048,12.32,72.00,1474,0,0,1.3700000048,0,0,0,182,1258
1624580081,05/08/2016,3427,2.2300000191,11.93,48.00,1427,0,0,2.2200000286,0,0,0,152,1288
1624580081,05/09/2016,1732,1.1299999952,11.10,42.00,1328,0,0,1.1299999952,0,0,0,91,1349
1624580081,05/10/2016,2969,1.9299999475,11.64,44.00,1393,0,0,1.9199999571,0.0099999998,0,0,139,1301
1624580081,05/11/2016,3134,2.0399999619,11.36,42.00,1359,0,0,2.0399999619,0,0,0,112,1328
1624580081,05/12/2016,2971,1.9299999475,12.01,56.00,1002,0,0,1.9199999571,0.0099999998,0,0,107,890
1644430081,04/12/2016,10694,7.7699999809,15.81,76.00,3199,0.1400000006,2.2999999523,5.3299999237,0,2,51,256,1131
1644430081,04/13/2016,8001,5.8200001717,14.34,82.00,2902,2.2799999714,0.8999999762,2.6400001049,0,30,16,135,1259
1644430081,04/14/2016,11037,8.0200004578,15.94,76.00,3226,0.3600000143,2.5599999428,5.0999999046,0,5,58,252,1125
1644430081,04/15/2016,5263,3.8299999237,13.59,80.00,2750,0.2199999988,0.150000006,3.4500000477,0,3,4,170,1263
1644430081,04/16/2016,15300,11.119999886,17.26,80.00,3493,4.0999999046,1.8799999952,5.0900001526,0,51,42,212,1135
1644430081,04/17/2016,8757,6.3699998856,14.88,78.00,3011,2.25,0.5699999928,3.5499999523,0,29,13,186,1212
1644430081,04/18/2016,7132,5.1900000572,13.87,76.00,2806,1.0700000525,1.6699999571,2.4500000477,0,15,33,121,1271
1644430081,04/19/2016,11256,8.1800003052,16.08,78.00,3300,0.3600000143,2.5299999714,5.3000001907,0,5,58,278,1099
1644430081,04/20/2016,2436,1.7699999809,12.01,70.00,2430,0,0,1.7599999905,0.0099999998,0,0,125,1315
1644430081,04/21/2016,1223,0.8899999857,10.58,72.00,2140,0,0,0.8799999952,0.0099999998,0,0,38,1402
1644430081,04/22/2016,3673,2.6700000763,11.58,78.00,2344,0,0,2.6600000858,0.0099999998,0,0,86,1354
1644430081,04/23/2016,6637,4.8299999237,13.23,66.00,2677,0,0.5799999833,4.25,0,0,15,160,1265
1644430081,04/24/2016,3321,2.4100000858,11.93,78.00,2413,0,0,2.4100000858,0,0,0,89,1351
1644430081,04/25/2016,3580,2.5999999046,12.34,78.00,2497,0.5899999738,0.0599999987,1.9500000477,0,8,1,94,1337
1644430081,04/26/2016,9919,7.2100000381,15.43,72.00,3123,0.8000000119,1.7200000286,4.6900000572,0,11,41,223,1165
1644430081,04/27/2016,3032,2.2000000477,12.30,76.00,2489,0,0,2.2000000477,0,0,0,118,1322
1644430081,04/28/2016,9405,6.8400001526,15.36,72.00,3108,0.200000003,2.3199999332,4.3099999428,0,3,53,227,1157
1644430081,04/29/2016,3176,2.3099999428,12.34,72.00,2498,0,0,2.3099999428,0,0,0,120,1193
1644430081,04/30/2016,18213,13.239999771,19.01,74.00,3846,0.6299999952,3.1400001049,9.4600000381,0,9,71,402,816
1644430081,05/01/2016,6132,4.4600000381,13.32,76.00,2696,0.2399999946,0.9900000095,3.2300000191,0,3,24,146,908
1644430081,05/02/2016,3758,2.7300000191,12.53,76.00,2580,0.0700000003,0.3100000024,2.3499999046,0,1,7,148,682
1644430081,05/03/2016,12850,9.3400001526,16.41,78.00,3324,0.7200000286,4.0900001526,4.5399999619,0,10,94,221,1115
1644430081,05/04/2016,2309,1.6799999475,10.98,78.00,2222,0,0,1.6599999666,0.0199999996,0,0,52,1388
1644430081,05/05/2016,4363,3.1900000572,12.18,81.00,2463,0.5199999809,0.5400000215,2.1300001144,0.0099999998,6,12,81,1341
1644430081,05/06/2016,9787,7.1199998856,16.72,78.00,3328,0.8199999928,0.2700000107,6.0100002289,0.0199999996,11,6,369,1054
1644430081,05/07/2016,13372,9.720000267,16.82,80.00,3404,3.2599999905,0.7900000215,5.6700000763,0.0099999998,41,17,243,1139
1644430081,05/08/2016,6724,4.8899998665,14.77,80.00,2987,0,0,4.8800001144,0,0,0,295,991
1644430081,05/09/2016,6643,4.8299999237,14.87,78.00,3008,2.3900001049,0.349999994,2.0899999142,0.0099999998,32,6,303,1099
1644430081,05/10/2016,9167,6.6599998474,13.84,84.00,2799,0.8799999952,0.8100000024,4.9699997902,0.0099999998,12,19,155,1254
1644430081,05/11/2016,1329,0.9700000286,11.65,72.00,1276,0,0,0.9499999881,0.0099999998,0,0,49,713
1844505072,04/12/2016,6697,4.4299998283,15.07,66.00,2030,0,0,4.4299998283,0,0,0,339,1101
1844505072,04/13/2016,4929,3.2599999905,13.81,48.00,1860,0,0,3.2599999905,0,0,0,248,1192
1844505072,04/14/2016,7937,5.25,15.81,74.00,2130,0,0,5.2300000191,0,0,0,373,843
1844505072,04/15/2016,3844,2.5399999619,12.81,70.00,1725,0,0,2.5399999619,0,0,0,176,527
1844505072,04/16/2016,3414,2.2599999905,12.30,56.00,1657,0,0,2.2599999905,0,0,0,147,1293
1844505072,04/17/2016,4525,2.9900000095,13.31,74.00,1793,0.1400000006,0.2599999905,2.5899999142,0,2,8,199,1231
1844505072,04/18/2016,4597,3.0399999619,13.46,56.00,1814,0,0.4799999893,2.5599999428,0,0,12,217,1211
1844505072,04/19/2016,197,0.1299999952,10.14,36.00,1366,0,0,0.1299999952,0,0,0,10,1430
1844505072,04/20/2016,8,0.0099999998,10.02,26.00,1349,0,0,0.0099999998,0,0,0,1,1439
1844505072,04/21/2016,8054,5.3200001717,15.31,68.00,2062,0.1199999973,0.5199999809,4.6799998283,0,2,13,308,1117
1844505072,04/22/2016,5372,3.5499999523,13.57,64.00,1827,0,0,3.5499999523,0,0,0,220,1220
1844505072,04/23/2016,3570,2.3599998951,12.21,54.00,1645,0,0,2.3599998951,0,0,0,139,1301
1844505072,04/24/2016,0,0,10.00,10.00,1347,0,0,0,0,0,0,0,1440
1844505072,04/25/2016,0,0,10.00,10.00,1347,0,0,0,0,0,0,0,1440
1844505072,04/26/2016,0,0,10.00,10.00,1347,0,0,0,0,0,0,0,1440
1844505072,04/27/2016,4,0,10.01,24.00,1348,0,0,0,0,0,0,1,1439
1844505072,04/28/2016,6907,4.5700001717,14.79,68.00,1992,0,0,4.5599999428,0,0,0,302,1138
1844505072,04/29/2016,4920,3.25,13.78,56.00,1856,0,0,3.25,0,0,0,247,1082
1844505072,04/30/2016,4014,2.6700000763,13.09,62.00,1763,0,0,2.6500000954,0,0,0,184,218
1844505072,05/01/2016,2573,1.7000000477,11.44,68.00,1541,0,0.2599999905,1.4500000477,0,0,7,75,585
1844505072,05/02/2016,0,0,10.01,12.00,1348,0,0,0,0,0,0,0,1440
1844505072,05/03/2016,4059,2.6800000668,12.93,58.00,1742,0,0,2.6800000668,0,0,0,184,1256
1844505072,05/04/2016,2080,1.3700000048,11.50,62.00,1549,0,0,1.3700000048,0,0,0,87,1353
1844505072,05/05/2016,2237,1.4800000191,11.80,40.00,1589,0,0,1.4800000191,0,0,0,120,1320
1844505072,05/06/2016,44,0.0299999993,10.03,34.00,1351,0,0,0.0299999993,0,0,0,2,1438
1844505072,05/07/2016,0,0,10.00,12.00,1347,0,0,0,0,0,0,0,1440
1844505072,05/08/2016,0,0,10.00,12.00,1347,0,0,0,0,0,0,0,1440
1844505072,05/09/2016,0,0,10.00,10.00,1347,0,0,0,0,0,0,0,1440
1844505072,05/10/2016,0,0,10.00,10.00,1347,0,0,0,0,0,0,0,1440
1844505072,05/11/2016,0,0,10.00,10.00,1347,0,0,0,0,0,0,0,1440
1844505072,05/12/2016,0,0,10.00,10.00,665,0,0,0,0,0,0,0,711
1927972279,04/12/2016,678,0.4699999988,10.83,32.00,2220,0,0,0.4699999988,0,0,0,55,734
1927972279,04/13/2016,356,0.25,10.43,38.00,2151,0,0,0.25,0,0,0,32,986
1927972279,04/14/2016,2163,1.5,11.55,56.00,2383,0,0.400000006,1.1000000238,0,0,9,88,1292
1927972279,04/15/2016,980,0.6800000072,10.77,50.00,2221,0,0,0.6800000072,0,0,0,51,941
1927972279,04/16/2016,0,0,10.00,10.00,2064,0,0,0,0,0,0,0,1440
1927972279,04/17/2016,0,0,10.00,11.00,2063,0,0,0,0,0,0,0,1440
1927972279,04/18/2016,244,0.1700000018,10.23,34.00,2111,0,0,0.1700000018,0,0,0,17,1423
1927972279,04/19/2016,0,0,10.00,10.00,2063,0,0,0,0,0,0,0,1440
1927972279,04/20/2016,0,0,10.00,10.00,2063,0,0,0,0,0,0,0,1440
1927972279,04/21/2016,0,0,10.00,12.00,2064,0,0,0,0,0,0,0,1440
1927972279,04/22/2016,149,0.1000000015,10.15,36.00,2093,0,0,0.1000000015,0,0,0,10,1430
1927972279,04/23/2016,2945,2.0399999619,12.11,50.00,2499,0,0,2.0399999619,0,0,0,145,1295
1927972279,04/24/2016,2090,1.4500000477,11.27,64.00,2324,0.0700000003,0.2399999946,1.1399999857,0,1,6,75,1358
1927972279,04/25/2016,152,0.1099999994,10.17,38.00,2100,0,0,0.1099999994,0,0,0,12,1303
1927972279,04/26/2016,3761,2.5999999046,12.79,58.00,2638,0,0,2.5999999046,0,0,0,192,1058
1927972279,04/27/2016,0,0,10.00,11.00,2063,0,0,0,0,0,0,0,1440
1927972279,04/28/2016,1675,1.1599999666,11.40,40.00,2351,0,0,1.1599999666,0,0,0,95,1167
1927972279,04/29/2016,0,0,10.00,10.00,2063,0,0,0,0,0,0,0,1440
1927972279,04/30/2016,0,0,10.00,10.00,2064,0,0,0,0,0,0,0,1440
1927972279,05/01/2016,2704,1.8700000048,11.69,74.00,2411,1.0099999905,0.0299999993,0.8299999833,0,14,1,70,1355
1927972279,05/02/2016,3790,2.6199998856,12.14,76.00,2505,1.1599999666,0.3000000119,1.1599999666,0,16,8,94,1322
1927972279,05/03/2016,1326,0.9200000167,10.64,74.00,2195,0.7300000191,0,0.1800000072,0,10,0,17,1413
1927972279,05/04/2016,1786,1.2400000095,11.34,52.00,2338,0,0,1.2400000095,0,0,0,87,1353
1927972279,05/05/2016,0,0,10.00,10.00,2063,0,0,0,0,0,0,0,1440
1927972279,05/06/2016,2091,1.4500000477,11.55,44.00,2383,0,0,1.4500000477,0,0,0,108,1332
1927972279,05/07/2016,1510,1.0399999619,10.81,62.00,2229,0,0,1.0399999619,0,0,0,48,1392
1927972279,05/08/2016,0,0,10.00,11.00,2063,0,0,0,0,0,0,0,1440
1927972279,05/09/2016,0,0,10.00,10.00,2063,0,0,0,0,0,0,0,1440
1927972279,05/10/2016,0,0,10.00,10.00,2063,0,0,0,0,0,0,0,1440
1927972279,05/11/2016,0,0,10.00,10.00,2063,0,0,0,0,0,0,0,1440
1927972279,05/12/2016,0,0,10.00,10.00,1383,0,0,0,0,0,0,0,966
2022484408,04/12/2016,11875,8.3400001526,16.00,82.00,2390,3.3099999428,0.7699999809,4.2600002289,0,42,14,227,1157
2022484408,04/13/2016,12024,8.5,17.41,104.00,2601,2.9900000095,0.1000000015,5.4099998474,0,43,5,292,1100
2022484408,04/14/2016,10690,7.5,15.48,68.00,2312,2.4800000191,0.2099999934,4.8200001717,0,32,3,257,1148
2022484408,04/15/2016,11034,8.029999733,16.90,126.00,2525,1.9400000572,0.3100000024,5.7800002098,0,27,9,282,1122
2022484408,04/16/2016,10100,7.0900001526,14.57,86.00,2177,3.1500000954,0.5500000119,3.3900001049,0,41,11,151,1237
2022484408,04/17/2016,15112,11.399999619,18.62,117.00,2782,3.8699998856,0.6600000262,6.8800001144,0,28,29,331,1052
2022484408,04/18/2016,14131,10.069999695,18.54,105.00,2770,3.6400001049,0.1199999973,6.3000001907,0,48,3,311,1078
2022484408,04/19/2016,11548,8.529999733,16.65,117.00,2489,3.2899999619,0.2399999946,5,0,31,7,250,1152
2022484408,04/20/2016,15112,10.670000076,19.39,114.00,2897,3.3399999142,1.9299999475,5.4000000954,0,48,63,276,1053
2022484408,04/21/2016,12453,8.7399997711,21.14,146.00,3158,3.3299999237,1.1100000143,4.3099999428,0,104,53,255,1028
2022484408,04/22/2016,12954,9.3299999237,17.66,97.00,2638,4.4299998283,0.4199999869,4.4699997902,0,52,10,273,1105
2022484408,04/23/2016,6001,4.2100000381,13.85,62.00,2069,0,0,4.2100000381,0,0,0,249,1191
2022484408,04/24/2016,13481,10.279999733,16.93,121.00,2529,4.5500001907,1.1499999762,4.5799999237,0,37,26,216,1161
2022484408,04/25/2016,11369,8.0100002289,16.53,108.00,2470,3.3299999237,0.2199999988,4.4600000381,0,44,8,217,1171
2022484408,04/26/2016,10119,7.1900000572,18.69,109.00,2793,1.4299999475,0.6600000262,5.1100001335,0,55,24,275,1086
2022484408,04/27/2016,10159,7.1300001144,16.48,82.00,2463,1.0399999619,0.9700000286,5.1199998856,0,19,20,282,1119
2022484408,04/28/2016,10140,7.1199998856,15.37,62.00,2296,0.4099999964,1.3300000429,5.3899998665,0,6,20,291,1123
2022484408,04/29/2016,10245,7.1900000572,17.48,78.00,2611,0.4799999893,1.2100000381,5.5,0,21,40,281,1098
2022484408,04/30/2016,18387,12.909999847,18.28,68.00,2732,0.9399999976,1.3999999762,10.569999695,0,13,23,361,1043
2022484408,05/01/2016,10538,7.4000000954,15.93,72.00,2380,1.9400000572,0.9599999785,4.5,0,25,28,245,1142
2022484408,05/02/2016,10379,7.2899999619,16.56,86.00,2473,2.6099998951,0.3400000036,4.3299999237,0,36,8,277,1119
2022484408,05/03/2016,12183,8.7399997711,18.42,97.00,2752,3.9900000095,0.4600000083,4.2800002098,0,72,14,250,1104
2022484408,05/04/2016,11768,8.2899999619,17.73,106.00,2649,2.5099999905,0.9300000072,4.8499999046,0,36,27,272,1105
2022484408,05/05/2016,11895,8.3500003815,17.46,102.00,2609,2.7899999619,0.8600000143,4.6999998093,0,55,20,253,1112
2022484408,05/06/2016,10227,7.1799998283,16.72,66.00,2498,1.8700000048,0.6700000167,4.6399998665,0,24,17,295,1104
2022484408,05/07/2016,6708,4.7100000381,13.36,78.00,1995,1.6100000143,0.0799999982,3.0199999809,0,20,2,149,1269
2022484408,05/08/2016,3292,2.3099999428,12.36,62.00,1848,0,0,2.3099999428,0,0,0,135,1305
2022484408,05/09/2016,13379,9.3900003433,18.13,74.00,2709,2.1199998856,1.6299999952,5.6399998665,0,35,47,297,1061
2022484408,05/10/2016,12798,8.9799995422,18.72,112.00,2797,2.2200000286,1.2100000381,5.5599999428,0,57,28,271,1084
2022484408,05/11/2016,13272,9.3199996948,17.03,90.00,2544,4.1799998283,1.1499999762,3.9900000095,0,58,25,224,1133
2022484408,05/12/2016,9117,6.4099998474,17.38,97.00,1853,1.2799999714,0.6700000167,4.4400000572,0,16,16,236,728
2026352035,04/12/2016,4414,2.7400000095,13.08,70.00,1459,0.1899999976,0.349999994,2.2000000477,0,3,8,181,706
2026352035,04/13/2016,4993,3.0999999046,13.64,76.00,1521,0,0,3.0999999046,0,0,0,238,663
2026352035,04/14/2016,3335,2.0699999332,12.82,50.00,1431,0,0,2.0499999523,0,0,0,197,653
2026352035,04/15/2016,3821,2.3699998856,12.95,68.00,1444,0,0,2.3699998856,0,0,0,188,687
2026352035,04/16/2016,2547,1.5800000429,12.31,58.00,1373,0,0,1.5800000429,0,0,0,150,728
2026352035,04/17/2016,838,0.5199999809,10.89,40.00,1214,0,0,0.5199999809,0,0,0,60,1053
2026352035,04/18/2016,3325,2.0599999428,12.71,52.00,1419,0,0,2.0599999428,0,0,0,182,1062
2026352035,04/19/2016,2424,1.5,12.15,42.00,1356,0,0,1.5,0,0,0,141,785
2026352035,04/20/2016,7222,4.4800000191,14.94,70.00,1667,0,0,4.4800000191,0,0,0,327,623
2026352035,04/21/2016,2467,1.5299999714,12.28,52.00,1370,0,0,1.5299999714,0,0,0,153,749
2026352035,04/22/2016,2915,1.8099999428,12.54,76.00,1399,0,0,1.8099999428,0,0,0,162,712
2026352035,04/23/2016,12357,7.7100000381,17.17,81.00,1916,0,0,7.7100000381,0,0,0,432,458
2026352035,04/24/2016,3490,2.1600000858,12.56,50.00,1401,0,0,2.1600000858,0,0,0,164,704
2026352035,04/25/2016,6017,3.7300000191,14.13,66.00,1576,0,0,3.7300000191,0,0,0,260,821
2026352035,04/26/2016,5933,3.6800000668,14.29,76.00,1595,0,0,3.6800000668,0,0,0,288,1018
2026352035,04/27/2016,6088,3.7699999809,14.28,70.00,1593,0,0,3.7699999809,0,0,0,286,586
2026352035,04/28/2016,6375,3.9500000477,14.78,60.00,1649,0,0,3.9500000477,0,0,0,331,626
2026352035,04/29/2016,7604,4.7100000381,15.17,66.00,1692,0,0,4.7100000381,0,0,0,352,492
2026352035,04/30/2016,4729,2.9300000668,13.50,70.00,1506,0,0,2.9300000668,0,0,0,233,594
2026352035,05/01/2016,3609,2.2799999714,12.97,81.00,1447,0,0,2.2799999714,0,0,0,191,716
2026352035,05/02/2016,7018,4.3499999046,15.14,62.00,1690,0,0,4.3499999046,0,0,0,355,716
2026352035,05/03/2016,5992,3.7200000286,14.37,70.00,1604,0,0,3.7200000286,0,0,0,304,981
2026352035,05/04/2016,6564,4.0700001717,14.86,62.00,1658,0,0,4.0700001717,0,0,0,345,530
2026352035,05/05/2016,12167,7.5399999619,17.26,72.00,1926,0,0,7.5399999619,0,0,0,475,479
2026352035,05/06/2016,8198,5.0799999237,15.56,66.00,1736,0,0,5.0799999237,0,0,0,383,511
2026352035,05/07/2016,4193,2.5999999046,13.36,50.00,1491,0,0,2.5999999046,0,0,0,229,665
2026352035,05/08/2016,5528,3.4500000477,13.93,81.00,1555,0,0,3.4500000477,0,0,0,258,610
2026352035,05/09/2016,10685,6.6199998856,16.72,70.00,1869,0,0,6.5999999046,0,0,0,401,543
2026352035,05/10/2016,254,0.1599999964,10.23,30.00,1141,0,0,0.1599999964,0,0,0,17,1002
2026352035,05/11/2016,8580,5.3200001717,15.22,66.00,1698,0,0,5.3200001717,0,0,0,330,569
2026352035,05/12/2016,8891,5.5100002289,17.42,62.00,1364,0,0,5.5100002289,0,0,0,343,330
2320127002,04/12/2016,10725,7.4899997711,16.03,103.00,2124,1.1699999571,0.3100000024,6.0100002289,0,13,9,306,1112
2320127002,04/13/2016,7275,4.9000000954,15.13,56.00,2003,0,0,4.9000000954,0,0,0,335,1105
2320127002,04/14/2016,3973,2.6800000668,12.80,42.00,1696,0,0,2.6800000668,0,0,0,191,1249
2320127002,04/15/2016,5205,3.5099999905,13.60,42.00,1801,0,0,3.5099999905,0,0,0,245,1195
2320127002,04/16/2016,5057,3.4100000858,13.02,60.00,1724,0,0,3.4000000954,0,0,0,195,1245
2320127002,04/17/2016,6198,4.1799998283,13.99,74.00,1852,0,0,4.1799998283,0,0,0,249,1191
2320127002,04/18/2016,6559,4.4200000763,14.38,62.00,1905,0,0.2599999905,4.1399998665,0,0,7,260,1173
2320127002,04/19/2016,5997,4.0399999619,13.68,56.00,1811,0,0.3799999952,3.6600000858,0,0,11,228,1201
2320127002,04/20/2016,7192,4.8499999046,14.51,66.00,1922,0,0.4900000095,4.3400001526,0,0,11,283,1146
2320127002,04/21/2016,3404,2.2899999619,12.16,60.00,1610,0.0599999987,0.4199999869,1.8099999428,0,1,10,127,1302
2320127002,04/22/2016,5583,3.7599999905,13.98,60.00,1851,0,0,3.7599999905,0,0,0,266,1174
2320127002,04/23/2016,5079,3.4200000763,13.62,44.00,1804,0,0,3.4200000763,0,0,0,242,1129
2320127002,04/24/2016,4165,2.8099999428,13.02,44.00,1725,0,0,2.7999999523,0,0,0,204,1236
2320127002,04/25/2016,3588,2.4200000763,12.49,76.00,1654,0.2300000042,0.200000003,1.9900000095,0,3,5,152,1280
2320127002,04/26/2016,3409,2.2999999523,12.33,78.00,1632,0,0,2.2999999523,0,0,0,147,1293
2320127002,04/27/2016,1715,1.1599999666,11.18,44.00,1481,0,0,1.1599999666,0,0,0,82,1358
2320127002,04/28/2016,1532,1.0299999714,11.12,50.00,1473,0,0,1.0299999714,0,0,0,76,1364
2320127002,04/29/2016,924,0.6200000048,10.65,38.00,1410,0,0,0.6200000048,0,0,0,45,1395
2320127002,04/30/2016,4571,3.0799999237,13.43,68.00,1779,0,0,3.0699999332,0,0,0,234,1206
2320127002,05/01/2016,772,0.5199999809,10.60,42.00,1403,0,0,0.5199999809,0,0,0,40,1400
2320127002,05/02/2016,3634,2.4500000477,12.18,76.00,1613,0.3600000143,0.2099999934,1.8799999952,0,5,6,123,1306
2320127002,05/03/2016,7443,5.0199999809,14.18,78.00,1878,1.4900000095,0.3700000048,3.1600000858,0,20,10,206,1204
2320127002,05/04/2016,1201,0.8100000024,10.77,44.00,1426,0,0,0.8100000024,0,0,0,52,1388
2320127002,05/05/2016,5202,3.5099999905,13.44,42.00,1780,0,0.3899999857,3.1099998951,0,0,11,223,1206
2320127002,05/06/2016,4878,3.2899999619,13.15,66.00,1742,0,0,3.2899999619,0,0,0,204,1236
2320127002,05/07/2016,7379,4.9699997902,14.89,70.00,1972,0,0,4.9699997902,0,0,0,319,1121
2320127002,05/08/2016,5161,3.4800000191,13.75,72.00,1821,0,0,3.4700000286,0,0,0,247,1193
2320127002,05/09/2016,3090,2.0799999237,12.31,50.00,1630,0,0,2.0799999237,0,0,0,145,1295
2320127002,05/10/2016,6227,4.1999998093,14.33,62.00,1899,0,0,4.1999998093,0,0,0,290,1150
2320127002,05/11/2016,6424,4.3299999237,14.37,48.00,1903,0,0,4.3299999237,0,0,0,300,1140
2320127002,05/12/2016,2661,1.7899999619,12.85,44.00,1125,0,0,1.7899999619,0,0,0,128,830
2347167796,04/12/2016,10113,6.8299999237,17.31,106.00,2344,2,0.6200000048,4.1999998093,0,28,13,320,964
2347167796,04/13/2016,10352,7.0100002289,15.05,95.00,2038,1.6599999666,1.9400000572,3.4100000858,0,19,32,195,676
2347167796,04/14/2016,10129,6.6999998093,14.84,72.00,2010,0.0199999996,2.7400000095,3.9400000572,0,1,48,206,705
2347167796,04/15/2016,10465,6.9200000763,15.75,73.00,2133,0.0700000003,1.4199999571,5.4299998283,0,1,24,284,720
2347167796,04/16/2016,22244,15.079999924,19.72,103.00,2670,5.4499998093,4.0999999046,5.5300002098,0,66,72,268,968
2347167796,04/17/2016,5472,3.6199998856,13.90,62.00,1882,0.0799999982,0.2800000012,3.2599999905,0,1,7,249,508
2347167796,04/18/2016,8247,5.4499998093,14.36,72.00,1944,0.7900000215,0.8600000143,3.7899999619,0,11,16,206,678
2347167796,04/19/2016,6711,4.4400000572,17.32,120.00,2346,0,0,4.4400000572,0,0,7,382,648
2347167796,04/20/2016,10999,7.2699999809,16.23,94.00,2198,0.6800000072,1.8099999428,4.7800002098,0,11,43,269,1011
2347167796,04/21/2016,10080,6.75,15.13,104.00,2048,1.8500000238,1.5299999714,3.3800001144,0,23,26,208,761
2347167796,04/22/2016,7804,5.1599998474,14.37,102.00,1946,0.5600000024,1.6799999475,2.9200000763,0,9,27,206,781
2347167796,04/23/2016,16901,11.369999886,19.41,99.00,2629,2.7799999714,1.4500000477,7.1500000954,0,32,35,360,591
2347167796,04/24/2016,9471,6.2600002289,16.14,64.00,2187,0,0,6.2600002289,0,0,0,360,584
2347167796,04/25/2016,9482,6.3800001144,15.47,99.00,2095,1.2699999809,0.5199999809,4.5999999046,0,15,11,277,653
2347167796,04/26/2016,5980,3.9500000477,13.74,58.00,1861,0,0,3.9500000477,0,0,0,227,732
2347167796,04/27/2016,11423,7.5799999237,16.20,85.00,2194,1.8600000143,0.400000006,5.3200001717,0,26,9,295,623
2347167796,04/28/2016,5439,3.5999999046,13.69,62.00,1854,0,0,3.5999999046,0,0,0,229,764
2347167796,04/29/2016,42,0.0299999993,10.18,26.00,403,0,0,0.0299999993,0,0,0,4,2
2873212765,04/12/2016,8796,5.9099998474,15.67,68.00,1982,0.1099999994,0.9300000072,4.8800001144,0,2,21,356,1061
2873212765,04/13/2016,7618,5.1199998856,15.85,90.00,2004,0,0.2199999988,4.8800001144,0.0199999996,0,8,404,1028
2873212765,04/14/2016,7910,5.3200001717,14.97,86.00,1893,0,0,5.3200001717,0,0,0,331,1109
2873212765,04/15/2016,8482,5.6999998093,16.32,74.00,2063,0,0,5.6900000572,0.0099999998,0,0,448,992
2873212765,04/16/2016,9685,6.6500000954,17.00,96.00,2148,3.1099998951,0.0199999996,3.5099999905,0.0099999998,47,1,305,1087
2873212765,04/17/2016,2524,1.7000000477,12.10,58.00,1529,0,0.349999994,1.3400000334,0,0,8,160,1272
2873212765,04/18/2016,7762,5.2399997711,14.95,87.00,1890,0.0700000003,0.2800000012,4.8899998665,0,1,6,311,1122
2873212765,04/19/2016,7948,5.3699998856,15.47,93.00,1956,0,0,5.3600001335,0,0,0,389,1051
2873212765,04/20/2016,9202,6.3000001907,16.63,95.00,2094,1.5099999905,0.1199999973,4.6599998474,0.0099999998,22,5,378,1035
2873212765,04/21/2016,8859,5.9800000191,15.65,77.00,1970,0.1299999952,0.3700000048,5.4699997902,0.0099999998,2,10,371,1057
2873212765,04/22/2016,7286,4.9000000954,15.49,68.00,2241,0.4600000083,0,4.4200000763,0.0199999996,46,0,366,1028
2873212765,04/23/2016,9317,6.3499999046,16.05,149.00,2021,2.0899999142,0.2300000042,4.0199999809,0.0099999998,28,5,330,1077
2873212765,04/24/2016,6873,4.6799998283,15.07,95.00,1898,3,0.0599999987,1.6200000048,0,46,1,190,1203
2873212765,04/25/2016,7373,4.9499998093,15.14,96.00,1907,0,0,4.9499998093,0,0,0,359,1081
2873212765,04/26/2016,8242,5.5399999619,14.95,90.00,1882,0.1199999973,0.1800000072,5.2399997711,0,2,5,309,1124
2873212765,04/27/2016,3516,2.3599998951,15.61,95.00,1966,0,0,2.3599998951,0,46,0,197,1197
2873212765,04/28/2016,7913,5.4099998474,14.58,98.00,1835,2.1600000858,0.3400000036,2.9100000858,0,28,7,213,1192
2873212765,04/29/2016,7365,4.9499998093,14.14,80.00,1780,1.3600000143,1.4099999666,2.1800000668,0,20,23,206,1191
2873212765,04/30/2016,8452,5.6799998283,14.54,80.00,1830,0.3300000131,1.0800000429,4.2600002289,0.0099999998,5,20,248,1167
2873212765,05/01/2016,7399,4.9699997902,13.82,88.00,1739,0.4900000095,1.0399999619,3.4400000572,0,7,18,196,1219
2873212765,05/02/2016,7525,5.0599999428,14.92,72.00,1878,0,0.2099999934,4.8299999237,0.0199999996,0,7,334,1099
2873212765,05/03/2016,7412,4.9800000191,15.14,80.00,1906,0.0599999987,0.25,4.6599998474,0.0099999998,1,6,363,1070
2873212765,05/04/2016,8278,5.5599999428,16.00,90.00,2015,0,0,5.5599999428,0,0,0,420,1020
2873212765,05/05/2016,8314,5.6100001335,15.65,90.00,1971,0.7799999714,0.8000000119,4.0300002098,0,13,23,311,1093
2873212765,05/06/2016,7063,4.75,15.17,68.00,1910,0,0.1199999973,4.6100001335,0.0099999998,0,5,370,1065
2873212765,05/07/2016,4940,3.3800001144,15.06,157.00,1897,2.2799999714,0.5500000119,0.5500000119,0,75,11,52,1302
2873212765,05/08/2016,8168,5.5399999619,16.64,95.00,2096,2.9000000954,0,2.6400001049,0,46,0,326,1068
2873212765,05/09/2016,7726,5.1900000572,15.14,82.00,1906,0,0,5.1900000572,0,0,0,345,1095
2873212765,05/10/2016,8275,5.5599999428,15.58,74.00,1962,0,0,5.5500001907,0.0099999998,0,0,373,1067
2873212765,05/11/2016,6440,4.3299999237,14.44,72.00,1826,0,0,4.3200001717,0.0099999998,0,0,319,1121
2873212765,05/12/2016,7566,5.1100001335,16.52,92.00,1431,0,0,5.1100001335,0,0,0,268,720
3372868164,04/12/2016,4747,3.2400000095,13.28,68.00,1788,0,0,3.2300000191,0.0099999998,0,0,280,1160
3372868164,04/13/2016,9715,6.6300001144,15.54,98.00,2093,0.9900000095,0.3400000036,5.2699999809,0.0199999996,16,8,371,1045
3372868164,04/14/2016,8844,6.0300002098,15.33,102.00,2065,0.3400000036,1.0299999714,4.6500000954,0.0099999998,6,25,370,1039
3372868164,04/15/2016,7451,5.0799999237,14.17,66.00,1908,0,0,5.0599999428,0.0199999996,0,0,335,1105
3372868164,04/16/2016,6905,4.7300000191,14.17,59.00,1908,0,0,4.6999998093,0.0299999993,0,0,356,1084
3372868164,04/17/2016,8199,5.8800001144,14.59,107.00,1964,1.4099999666,0.1000000015,4.3600001335,0.0099999998,11,2,322,1105
3372868164,04/18/2016,6798,4.6399998665,14.95,100.00,2014,1.0800000429,0.200000003,3.3499999046,0,20,7,343,1070
3372868164,04/19/2016,7711,5.2600002289,14.74,88.00,1985,0,0,5.2399997711,0.0199999996,0,0,376,1064
3372868164,04/20/2016,4880,3.3299999237,13.87,94.00,1867,0.8399999738,0.0900000036,2.3800001144,0.0199999996,15,3,274,1148
3372868164,04/21/2016,8857,6.0700001717,15.77,107.00,2124,1.1499999762,0.2599999905,4.6399998665,0.0099999998,18,9,376,1037
3372868164,04/22/2016,3843,2.6199998856,12.40,46.00,1669,0,0,2.6099998951,0.0099999998,0,0,206,1234
3372868164,04/23/2016,7396,5.0700001717,14.82,107.00,1995,1.3999999762,0.0799999982,3.5799999237,0,20,2,303,1115
3372868164,04/24/2016,6731,4.5900001526,14.27,104.00,1921,0.8899999857,0.1899999976,3.4900000095,0.0199999996,14,7,292,1127
3372868164,04/25/2016,5995,4.0900001526,14.93,96.00,2010,0,0,4.0900001526,0,0,0,416,1024
3372868164,04/26/2016,8283,5.7899999619,15.27,110.00,2057,1.8500000238,0.0500000007,3.8699998856,0.0099999998,22,2,333,1083
3372868164,04/27/2016,7904,5.4200000763,15.56,111.00,2095,1.5800000429,0.6299999952,3.1900000572,0.0099999998,24,13,346,1057
3372868164,04/28/2016,5512,3.7599999905,14.65,90.00,1972,0,0,3.7599999905,0,0,0,385,1055
3372868164,04/29/2016,9135,6.2300000191,15.18,58.00,2044,0,0,6.2199997902,0.0099999998,0,0,402,1038
3372868164,04/30/2016,5250,3.5799999237,14.46,102.00,1946,1.0599999428,0.0900000036,2.4200000763,0.0099999998,17,4,300,1119
3372868164,05/01/2016,3077,2.0999999046,12.99,70.00,1237,0,0,2.0899999142,0,0,0,172,842
3977333714,04/12/2016,8856,5.9800000191,14.34,115.00,1450,3.0599999428,0.9100000262,2.0099999905,0,44,19,131,777
3977333714,04/13/2016,10035,6.7100000381,14.78,74.00,1495,2.0299999714,2.1300001144,2.5499999523,0,31,46,153,754
3977333714,04/14/2016,7641,5.1100001335,14.16,66.00,1433,0.3199999928,0.9700000286,3.8199999332,0,5,23,214,801
3977333714,04/15/2016,9010,6.0599999428,14.51,101.00,1468,1.0499999523,1.75,3.2599999905,0,15,42,183,644
3977333714,04/16/2016,13459,9,16.06,78.00,1625,2.0299999714,4,2.9700000286,0,31,83,153,663
3977333714,04/17/2016,10415,6.9699997902,15.12,74.00,1529,0.6999999881,2.3499999046,3.9200000763,0,11,58,205,600
3977333714,04/18/2016,11663,7.8000001907,15.66,66.00,1584,0.25,3.7300000191,3.8199999332,0,4,95,214,605
3977333714,04/19/2016,12414,8.779999733,16.12,117.00,1638,2.2400000095,2.4500000477,3.9600000381,0,19,67,221,738
3977333714,04/20/2016,11658,7.8299999237,15.36,115.00,1554,0.200000003,4.3499999046,3.2799999714,0,2,98,164,845
3977333714,04/21/2016,6093,4.0799999237,13.80,68.00,1397,0,0,4.0599999428,0,0,0,242,712
3977333714,04/22/2016,8911,5.9600000381,14.64,72.00,1481,2.3299999237,0.5799999833,3.0599999428,0,33,12,188,731
3977333714,04/23/2016,12058,8.0699996948,16.20,74.00,1638,0,4.2199997902,3.8499999046,0,0,92,252,724
3977333714,04/24/2016,14112,10,16.36,127.00,1655,3.2699999809,4.5599999428,2.1700000763,0,30,95,129,660
3977333714,04/25/2016,11177,8.4799995422,15.50,135.00,1570,5.6199998856,0.4300000072,2.4100000858,0,50,9,133,781
3977333714,04/26/2016,11388,7.6199998856,15.34,68.00,1551,0.4499999881,4.2199997902,2.9500000477,0,7,95,170,797
3977333714,04/27/2016,7193,5.0399999619,13.61,113.00,1377,0,0.4199999869,4.6199998856,0,0,10,176,714
3977333714,04/28/2016,7114,4.8800001144,13.91,109.00,1407,1.3700000048,0.2899999917,3.2200000286,0,15,8,190,804
3977333714,04/29/2016,10645,7.75,15.27,137.00,1545,3.7400000095,1.2999999523,2.7100000381,0,36,32,150,744
3977333714,04/30/2016,13238,9.1999998093,16.31,113.00,1650,3.6900000572,2.0999999046,3.4100000858,0,43,52,194,687
3977333714,05/01/2016,10414,7.0700001717,14.84,129.00,1501,2.6700000763,1.9800000191,2.4100000858,0,41,40,124,691
3977333714,05/02/2016,16520,11.050000191,17.40,104.00,1760,1.5399999619,6.4800000191,3.0199999809,0,24,143,176,713
3977333714,05/03/2016,14335,9.5900001526,16.90,82.00,1710,3.3199999332,1.7400000095,4.5300002098,0,47,41,258,594
3977333714,05/04/2016,13559,9.4399995804,16.01,135.00,1628,1.8099999428,4.5799999237,2.8900001049,0,14,96,142,852
3977333714,05/05/2016,12312,8.5799999237,15.99,133.00,1618,1.7599999905,4.1100001335,2.7100000381,0,14,88,178,680
3977333714,05/06/2016,11677,8.279999733,15.71,127.00,1590,3.1099998951,2.5099999905,2.6700000763,0,29,55,168,676
3977333714,05/07/2016,11550,7.7300000191,15.56,84.00,1574,0,4.1300001144,3.5899999142,0,0,86,208,703
3977333714,05/08/2016,13585,9.0900001526,16.15,86.00,1633,0.6800000072,5.2399997711,3.1700000763,0,9,116,171,688
3977333714,05/09/2016,14687,10.079999924,16.39,129.00,1667,0.7699999809,5.5999999046,3.5499999523,0,8,122,151,1159
3977333714,05/10/2016,13072,8.779999733,16.11,125.00,1630,0.0700000003,5.4000000954,3.3099999428,0,1,115,196,676
3977333714,05/11/2016,746,0.5,,,52,0.3700000048,0,0.1299999952,0,4,0,9,13
4020332650,04/12/2016,8539,6.1199998856,18.42,72.00,3654,0.150000006,0.2399999946,5.6799998283,0,4,15,331,712
4020332650,04/13/2016,0,0,10.00,10.00,1981,0,0,0,0,0,0,0,1440
4020332650,04/14/2016,108,0.0799999982,10.08,39.00,2011,0,0,0.0299999993,0,0,0,3,1437
4020332650,04/15/2016,1882,1.3500000238,14.89,140.00,2951,0.2099999934,0.3600000143,0.7699999809,0,36,18,87,1299
4020332650,04/16/2016,1982,1.4199999571,15.41,92.00,3051,0.4499999881,0.3700000048,0.5899999738,0,65,21,55,1222
4020332650,04/17/2016,16,0.0099999998,10.04,45.00,1990,0,0,0.0099999998,0,0,0,2,1438
4020332650,04/18/2016,62,0.0399999991,10.07,62.00,1995,0,0,0.0399999991,0,0,0,2,1438
4020332650,04/19/2016,0,0,10.00,10.00,1980,0,0,0,0,0,0,0,1440
4020332650,04/20/2016,0,0,10.00,10.00,1980,0,0,0,0,0,0,0,1440
4020332650,04/21/2016,0,0,10.00,10.00,1980,0,0,0,0,0,0,0,1440
4020332650,04/22/2016,0,0,10.00,10.00,1980,0,0,0,0,0,0,0,1440
4020332650,04/23/2016,0,0,10.00,10.00,1980,0,0,0,0,0,0,0,1440
4020332650,04/24/2016,0,0,10.00,10.00,1980,0,0,0,0,0,0,0,1440
4020332650,04/25/2016,0,0,10.00,10.00,1980,0,0,0,0,0,0,0,1440
4020332650,04/26/2016,0,0,10.00,10.00,1980,0,0,0,0,0,0,0,1440
4020332650,04/27/2016,0,0,10.00,10.00,1980,0,0,0,0,0,0,0,1440
4020332650,04/28/2016,0,0,10.00,10.00,1980,0,0,0,0,0,0,0,1440
4020332650,04/29/2016,0,0,10.00,10.00,1980,0,0,0,0,0,0,0,1440
4020332650,04/30/2016,0,0,10.00,10.00,1980,0,0,0,0,0,0,0,1440
4020332650,05/01/2016,0,0,10.00,10.00,1980,0,0,0,0,0,0,0,1440
4020332650,05/02/2016,475,0.3400000036,11.15,58.00,2207,0,0.0399999991,0.2899999917,0,0,11,31,1350
4020332650,05/03/2016,4496,3.2200000286,14.26,68.00,2828,0,0,3.1500000954,0.0500000007,0,0,174,950
4020332650,05/04/2016,10252,7.3499999046,19.55,98.00,3879,0.6700000167,1.0399999619,5.5799999237,0,13,46,346,531
4020332650,05/05/2016,11728,8.4300003052,17.30,87.00,3429,2.6199998856,1.6799999475,4.0399999619,0.0700000003,38,42,196,916
4020332650,05/06/2016,4369,3.1300001144,13.64,54.00,2704,0,0,3.0999999046,0.0099999998,0,0,177,855
4020332650,05/07/2016,6132,4.4000000954,14.35,64.00,2975,0,0,3.5799999237,0,0,0,184,1256
4020332650,05/08/2016,5862,4.1999998093,15.57,60.00,3089,0,0,4.1500000954,0,0,0,263,775
4020332650,05/09/2016,4556,3.2699999809,14.06,68.00,2785,0.200000003,0.1199999973,2.9400000572,0,3,5,173,1225
4020332650,05/10/2016,5546,3.9800000191,14.72,86.00,2926,0,0,3.8699998856,0.0399999991,0,0,206,774
4020332650,05/11/2016,3689,2.6500000954,13.33,73.00,2645,0.1099999994,0.1700000018,2.3299999237,0,2,8,134,1296
4020332650,05/12/2016,590,0.4199999869,10.40,44.00,1120,0,0,0.4099999964,0,0,0,21,721
4057192912,04/12/2016,5394,4.0300002098,12.80,74.00,2286,0,0,3.9400000572,0,0,0,164,1276
4057192912,04/13/2016,5974,4.4699997902,12.89,76.00,2306,0,0,4.3699998856,0,0,0,160,1280
4057192912,04/14/2016,0,0,10.00,10.00,1776,0,0,0,0,0,0,0,1440
4057192912,04/15/2016,3984,2.9500000477,12.75,78.00,1527,0.2099999934,0.2599999905,2.4400000572,0,3,6,88,873
4319703577,04/12/2016,7753,5.1999998093,10.00,10.00,2115,0,0,0,0,0,0,0,1440
4319703577,04/13/2016,8204,5.5,12.01,76.00,2135,0.5299999714,0.5899999738,1.3099999428,0,8,15,96,1234
4319703577,04/14/2016,10210,6.8800001144,15.79,83.00,2302,0.1099999994,0.3300000131,6.4400000572,0,1,9,339,589
4319703577,04/15/2016,5664,3.7999999523,13.61,76.00,1985,0,0,3.7999999523,0,0,0,228,752
4319703577,04/16/2016,4744,3.1800000668,12.92,64.00,1884,0,0,3.1800000668,0,0,0,194,724
4319703577,04/17/2016,29,0.0199999996,10.04,28.00,1464,0,0,0.0199999996,0,0,0,3,1363
4319703577,04/18/2016,2276,1.5499999523,11.22,83.00,1632,0.0700000003,0.3300000131,1.1200000048,0,1,9,58,824
4319703577,04/19/2016,8925,5.9899997711,15.11,76.00,2200,0,0,5.9899997711,0,0,0,311,604
4319703577,04/20/2016,8954,6.0100002289,15.21,76.00,2220,0,0.6800000072,5.3099999428,0,0,18,306,671
4319703577,04/21/2016,3702,2.4800000191,10.48,36.00,1792,0,0,0.349999994,0,0,0,34,1265
4319703577,04/22/2016,4500,3.0199999809,12.96,62.00,1886,0.0599999987,0.8100000024,2.1500000954,0,1,19,176,709
4319703577,04/23/2016,4935,3.3099999428,13.36,64.00,1945,0,0,3.3099999428,0,0,0,233,546
4319703577,04/24/2016,4081,2.7400000095,12.92,64.00,1880,0.0599999987,0.200000003,2.4700000286,0,1,5,191,692
4319703577,04/25/2016,9259,6.2100000381,15.90,78.00,2314,0,0.2800000012,5.9299998283,0,0,8,390,544
4319703577,04/26/2016,9899,6.6399998665,15.36,78.00,2236,0.5699999928,0.9200000167,5.1500000954,0,8,21,288,649
4319703577,04/27/2016,10780,7.2300000191,15.97,78.00,2324,0.4099999964,1.9199999571,4.9099998474,0,6,47,300,680
4319703577,04/28/2016,10817,7.2800002098,16.26,88.00,2367,1.0099999905,0.3300000131,5.9400000572,0,13,8,359,552
4319703577,04/29/2016,7990,5.3600001335,14.95,78.00,2175,0.4499999881,0.7900000215,4.1199998856,0,6,18,289,624
4319703577,04/30/2016,8221,5.5199999809,14.37,76.00,2092,0.400000006,1.6100000143,3.5099999905,0,6,38,196,695
4319703577,05/01/2016,1251,0.8399999738,10.95,44.00,1593,0,0,0.8399999738,0,0,0,67,836
4319703577,05/02/2016,9261,6.2399997711,15.56,83.00,2270,0,0.4399999976,5.7100000381,0,0,11,344,585
4319703577,05/03/2016,9648,6.4699997902,15.36,78.00,2235,0.5799999833,1.0700000525,4.8299999237,0,8,26,287,669
4319703577,05/04/2016,10429,7.0199999809,15.68,83.00,2282,0.5899999738,0.5799999833,5.8499999046,0,8,13,313,1106
4319703577,05/05/2016,13658,9.4899997711,17.38,127.00,2530,2.6300001144,1.4099999666,5.4499998093,0,27,34,328,957
4319703577,05/06/2016,9524,6.4200000763,15.55,83.00,2266,0.4099999964,0.4699999988,5.4600000381,0,6,11,314,692
4319703577,05/07/2016,7937,5.3299999237,14.85,66.00,2158,0.1899999976,1.0499999523,4.0799999237,0,3,28,279,586
4319703577,05/08/2016,3672,2.4600000381,12.32,56.00,1792,0,0,2.4600000381,0,0,0,153,603
4319703577,05/09/2016,10378,6.9600000381,16.13,74.00,2345,0.1400000006,0.5600000024,6.25,0,2,14,374,490
4319703577,05/10/2016,9487,6.3699998856,15.55,78.00,2260,0.2099999934,0.4600000083,5.6999998093,0,3,12,329,555
4319703577,05/11/2016,9129,6.1300001144,15.35,72.00,2232,0.200000003,0.7400000095,5.1799998283,0,3,18,311,574
4319703577,05/12/2016,17,0.0099999998,10.19,26.00,257,0,0,0.0099999998,0,0,0,2,0
4388161847,04/12/2016,10122,7.7800002098,10.00,10.00,2955,0,0,0,0,0,0,0,1440
4388161847,04/13/2016,10993,8.4499998093,13.37,70.00,3092,0.0599999987,0.6299999952,3.8800001144,0,1,14,150,1275
4388161847,04/14/2016,8863,6.8200001717,15.96,86.00,2998,0.1299999952,1.0700000525,5.6199998856,0,10,35,219,945
4388161847,04/15/2016,8758,6.7300000191,16.33,76.00,3066,0,0,6.7300000191,0,0,0,299,837
4388161847,04/16/2016,6580,5.0599999428,16.36,92.00,3073,0.2099999934,0.400000006,4.4499998093,0,6,9,253,609
4388161847,04/17/2016,4660,3.5799999237,13.70,58.00,2572,0,0,3.5799999237,0,0,0,201,721
4388161847,04/18/2016,11009,9.1000003815,17.43,137.00,3274,3.5599999428,0.400000006,5.1399998665,0,27,8,239,1017
4388161847,04/19/2016,10181,7.8299999237,16.05,86.00,3015,1.3700000048,0.6899999976,5.7699999809,0,20,16,249,704
4388161847,04/20/2016,10553,8.1199998856,16.42,102.00,3083,1.1000000238,1.7200000286,5.2899999619,0,19,42,228,696
4388161847,04/21/2016,10055,7.7300000191,16.34,113.00,3069,0.3700000048,0.3899999857,6.9800000191,0,7,12,272,853
4388161847,04/22/2016,12139,9.3400001526,18.87,104.00,3544,3.2999999523,1.1100000143,4.9200000763,0,77,25,220,945
4388161847,04/23/2016,13236,10.180000305,17.61,120.00,3306,4.5,0.3199999928,5.3499999046,0,58,5,215,749
4388161847,04/24/2016,10243,7.8800001144,15.36,92.00,2885,1.0800000429,0.5099999905,6.3000001907,0,14,8,239,584
4388161847,04/25/2016,12961,9.970000267,17.51,92.00,3288,0.7300000191,1.3999999762,7.8400001526,0,11,31,301,1054
4388161847,04/26/2016,9461,7.2800002098,15.60,86.00,2929,0.9399999976,1.0599999428,5.2699999809,0,14,23,224,673
4388161847,04/27/2016,11193,8.6099996567,16.37,90.00,3074,0.6999999881,2.5099999905,5.3899998665,0,11,48,241,684
4388161847,04/28/2016,10074,7.75,15.81,80.00,2969,1.2899999619,0.4300000072,6.0300002098,0,19,9,234,878
4388161847,04/29/2016,9232,7.0999999046,15.86,88.00,2979,0.8000000119,0.8899999857,5.4200000763,0,13,16,236,1175
4388161847,04/30/2016,12533,9.6400003433,17.48,74.00,3283,0.6999999881,2,6.9400000572,0,14,43,300,537
4388161847,05/01/2016,10255,7.8899998665,15.58,70.00,2926,1.0099999905,0.6800000072,6.1999998093,0,12,15,241,579
4388161847,05/02/2016,10096,8.3999996185,16.76,141.00,3147,3.7699999809,0.0799999982,4.5500001907,0,33,4,204,935
4388161847,05/03/2016,12727,9.7899999619,17.52,92.00,3290,1.1299999952,0.7799999714,7.8800001144,0,18,18,306,984
4388161847,05/04/2016,12375,9.5200004578,16.84,90.00,3162,2.7899999619,0.9300000072,5.8000001907,0,35,21,251,632
4388161847,05/05/2016,9603,7.3800001144,15.44,80.00,2899,0.6299999952,1.6699999571,5.0900001526,0,12,39,199,896
4388161847,05/06/2016,13175,10.130000114,18.24,112.00,3425,2.1099998951,2.0899999142,5.9299998283,0,33,45,262,1100
4388161847,05/07/2016,22770,17.540000916,21.42,102.00,4022,9.4499998093,2.7699999809,5.3299999237,0,120,56,260,508
4388161847,05/08/2016,17298,14.380000114,20.95,137.00,3934,9.8900003433,1.2599999905,3.2300000191,0,107,38,178,576
4388161847,05/09/2016,10218,7.8600001335,16.04,98.00,3013,0.3400000036,0.7300000191,6.7899999619,0,6,19,258,1020
4388161847,05/10/2016,10299,7.9200000763,16.30,82.00,3061,0.8100000024,0.6499999762,6.4600000381,0,13,14,267,648
4388161847,05/11/2016,10201,7.8400001526,15.73,74.00,2954,0.5299999714,0.7900000215,6.5300002098,0,8,18,256,858
4388161847,05/12/2016,3369,2.5899999142,13.24,68.00,1623,0,0,2.5899999142,0,0,0,108,825
4445114986,04/12/2016,3276,2.2000000477,12.77,58.00,2113,0,0,2.2000000477,0,0,0,196,787
4445114986,04/13/2016,2961,1.9900000095,12.66,42.00,2095,0,0,1.9900000095,0,0,0,194,840
4445114986,04/14/2016,3974,2.6700000763,13.26,50.00,2194,0,0,2.6700000763,0,0,0,231,717
4445114986,04/15/2016,7198,4.8299999237,15.08,66.00,2496,0,0,4.8299999237,0,0,0,350,711
4445114986,04/16/2016,3945,2.6500000954,13.18,56.00,2180,0,0,2.6500000954,0,0,0,225,716
4445114986,04/17/2016,2268,1.5199999809,11.67,56.00,1933,0,0,1.5199999809,0,0,0,114,1219
4445114986,04/18/2016,6155,4.2399997711,13.58,98.00,2248,2,0.2899999917,1.9500000477,0,25,6,162,1247
4445114986,04/19/2016,2064,1.3899999857,11.81,50.00,1954,0,0,1.3899999857,0,0,0,121,895
4445114986,04/20/2016,2072,1.3899999857,11.93,44.00,1974,0,0,1.3899999857,0,0,0,137,841
4445114986,04/21/2016,3809,2.5599999428,12.97,54.00,2150,0,0,2.5399999619,0,0,0,215,756
4445114986,04/22/2016,6831,4.5799999237,14.69,64.00,2432,0,0,4.5799999237,0,0,0,317,706
4445114986,04/23/2016,4363,2.9300000668,13.02,70.00,2149,0,0,2.9300000668,0,0,0,201,1239
4445114986,04/24/2016,5002,3.3599998951,13.62,52.00,2247,0,0,3.3599998951,0,0,0,244,1196
4445114986,04/25/2016,3385,2.2699999809,12.55,54.00,2070,0,0,2.2699999809,0,0,0,179,916
4445114986,04/26/2016,6326,4.4099998474,13.89,96.00,2291,2.4100000858,0.0399999991,1.9600000381,0,29,1,180,839
4445114986,04/27/2016,7243,5.0300002098,14.31,97.00,2361,2.6199998856,0.0299999993,2.3800001144,0,32,1,194,839
4445114986,04/28/2016,4493,3.0099999905,13.35,54.00,2203,0,0,3.0099999905,0,0,0,236,762
4445114986,04/29/2016,4676,3.1400001049,13.30,50.00,2196,0,0,3.1300001144,0,0,0,226,1106
4445114986,04/30/2016,6222,4.1799998283,14.32,58.00,2363,0,0,4.1799998283,0,0,0,290,797
4445114986,05/01/2016,5232,3.5099999905,13.61,62.00,2246,0,0,3.5099999905,0,0,0,240,741
4445114986,05/02/2016,6910,4.75,14.16,95.00,2336,2.2100000381,0.1899999976,2.3499999046,0,27,4,200,667
4445114986,05/03/2016,7502,5.1799998283,14.67,95.00,2421,2.4800000191,0.1099999994,2.5799999237,0,30,2,233,725
4445114986,05/04/2016,2923,1.9600000381,12.55,54.00,2070,0,0,1.9600000381,0,0,0,180,897
4445114986,05/05/2016,3800,2.5499999523,12.85,62.00,2120,0.1199999973,0.2399999946,2.1800000668,0,2,6,185,734
4445114986,05/06/2016,4514,3.0299999714,13.40,72.00,2211,0,0,3.0299999714,0,0,0,229,809
4445114986,05/07/2016,5183,3.5899999142,12.87,93.00,2123,2.1300001144,0.1899999976,1.25,0,26,4,108,866
4445114986,05/08/2016,7303,4.9000000954,14.69,52.00,2423,0,0.25,4.6500000954,0,0,8,308,733
4445114986,05/09/2016,5275,3.5399999619,13.83,60.00,2281,0,0,3.5399999619,0,0,0,266,641
4445114986,05/10/2016,3915,2.6300001144,13.22,62.00,2181,0,0,2.6300001144,0,0,0,231,783
4445114986,05/11/2016,9105,6.1100001335,15.15,68.00,2499,2.25,1,2.8599998951,0,34,22,232,622
4445114986,05/12/2016,768,0.5199999809,10.91,34.00,1212,0,0,0.5199999809,0,0,0,58,380
4558609924,04/12/2016,5135,3.3900001049,14.29,40.00,1909,0,0,3.3900001049,0,0,0,318,1122
4558609924,04/13/2016,4978,3.2899999619,12.89,86.00,1722,1.2400000095,0.4399999976,1.6100000143,0,19,7,127,1287
4558609924,04/14/2016,6799,4.4899997711,14.39,56.00,1922,0,0,4.4899997711,0,0,0,279,1161
4558609924,04/15/2016,7795,5.1500000954,15.88,78.00,2121,0.5899999738,0.8399999738,3.7300000191,0,17,30,262,1131
4558609924,04/16/2016,7289,4.8200001717,14.90,76.00,1997,0.5500000119,0.75,3.5,0,8,12,308,1112
4558609924,04/17/2016,9634,6.4000000954,15.82,77.00,2117,0.5500000119,1.1399999857,4.7100000381,0,7,19,304,1110
4558609924,04/18/2016,8940,5.9099998474,15.80,73.00,2116,0.9800000191,0.9300000072,4,0,14,15,331,1080
4558609924,04/19/2016,5401,3.5699999332,14.01,64.00,1876,0.0500000007,0.3600000143,3.1600000858,0,1,9,248,1182
4558609924,04/20/2016,4803,3.1700000763,13.36,58.00,1788,0,0,3.1700000763,0,0,0,222,1218
4558609924,04/21/2016,13743,9.0799999237,18.57,64.00,2486,0.4199999869,0.9700000286,7.6999998093,0,6,21,432,844
4558609924,04/22/2016,9601,6.3499999046,15.64,62.00,2094,1.3700000048,1.5,3.4700000286,0,20,25,273,1122
4558609924,04/23/2016,6890,4.5500001907,15.52,70.00,2085,0.3400000036,0.200000003,4.0100002289,0,5,5,308,1122
4558609924,04/24/2016,8563,5.6599998474,16.14,54.00,2173,0,0,5.6500000954,0,0,0,395,1045
4558609924,04/25/2016,8095,5.3499999046,16.55,106.00,2225,0.5899999738,0.25,4.5100002289,0,18,10,340,993
4558609924,04/26/2016,9148,6.0500001907,16.53,76.00,2223,0.4300000072,2.0299999714,3.5899999142,0,12,41,283,1062
4558609924,04/27/2016,9557,6.3200001717,15.61,64.00,2098,1.9600000381,0.8899999857,3.4600000381,0,27,14,312,1087
4558609924,04/28/2016,9451,6.25,16.25,68.00,2185,0.0199999996,0.2700000107,5.9499998093,0,1,11,367,985
4558609924,04/29/2016,7833,5.1799998283,14.30,74.00,1918,1.0199999809,1.8500000238,2.3099999428,0,15,29,197,1096
4558609924,04/30/2016,10319,6.8200001717,15.69,68.00,2105,0.4699999988,1.8899999857,4.4600000381,0,7,29,293,1111
4558609924,05/01/2016,3428,2.2699999809,12.61,56.00,1692,0,0,2.2699999809,0,0,0,190,1121
4558609924,05/02/2016,7891,5.2199997902,15.49,56.00,2066,0,0,5.2199997902,0,0,0,383,1057
4558609924,05/03/2016,5267,3.4800000191,14.65,88.00,1953,0.6000000238,0.2800000012,2.5999999046,0,21,10,237,1172
4558609924,05/04/2016,5232,3.4600000381,13.82,66.00,1842,0,0,3.4600000381,0,0,0,252,1188
4558609924,05/05/2016,10611,7.0100002289,16.96,62.00,2262,1.0099999905,0.5,5.5100002289,0,14,8,370,1048
4558609924,05/06/2016,3755,2.4800000191,12.92,50.00,1722,0,0,2.4800000191,0,0,0,202,1238
4558609924,05/07/2016,8237,5.4400000572,14.80,68.00,1973,1.6100000143,1,2.8299999237,0,23,16,233,1116
4558609924,05/08/2016,6543,4.3299999237,20.01,144.00,2666,1.7999999523,0.5,2.0199999809,0,66,35,238,1019
4558609924,05/09/2016,11451,7.5700001717,16.69,64.00,2223,0.4300000072,1.6200000048,5.5199999809,0,6,30,339,1065
4558609924,05/10/2016,6435,4.25,14.17,86.00,1889,0.7400000095,1.1200000048,2.3900001049,0,11,18,220,1191
4558609924,05/11/2016,9108,6.0199999809,15.99,74.00,2131,0.2599999905,1.8200000525,3.9400000572,0,4,31,324,1081
4558609924,05/12/2016,6307,4.1700000763,15.79,56.00,1452,0,0,4.1700000763,0,0,0,247,736
4702921684,04/12/2016,7213,5.8800001144,14.61,72.00,2947,0,0,5.8499999046,0,0,0,263,718
4702921684,04/13/2016,6877,5.5799999237,14.36,66.00,2898,0,0,5.5799999237,0,0,0,258,777
4702921684,04/14/2016,7860,6.3699998856,14.80,72.00,2984,0,0,6.3699998856,0,0,0,271,772
4702921684,04/15/2016,6506,5.2800002098,14.36,68.00,2896,0.0700000003,0.4199999869,4.7899999619,0,1,8,256,944
4702921684,04/16/2016,11140,9.029999733,16.47,76.00,3328,0.2399999946,1.25,7.5399999619,0,3,24,335,556
4702921684,04/17/2016,12692,10.289999962,16.83,72.00,3394,0.9599999785,3.4600000381,5.8800001144,0,12,66,302,437
4702921684,04/18/2016,9105,7.3800001144,14.94,74.00,3013,1.8200000525,1.4900000095,4.0700001717,0,22,30,191,890
4702921684,04/19/2016,6708,5.4400000572,13.94,78.00,2812,0.8799999952,0.3700000048,4.1900000572,0,10,8,179,757
4702921684,04/20/2016,8793,7.1300001144,15.18,72.00,3061,0.1599999964,1.2300000191,5.7300000191,0,2,29,260,717
4702921684,04/21/2016,6530,5.3000001907,13.53,68.00,2729,0.3100000024,2.0499999523,2.9400000572,0,4,41,144,901
4702921684,04/22/2016,1664,1.3500000238,11.11,56.00,2241,0,0,1.3500000238,0,0,0,72,1341
4702921684,04/23/2016,15126,12.270000458,18.30,76.00,3691,0.7599999905,3.2400000095,8.2700004578,0,9,66,408,469
4702921684,04/24/2016,15050,12.220000267,17.54,74.00,3538,1.2000000477,5.1199998856,5.8800001144,0,15,95,281,542
4702921684,04/25/2016,9167,7.4299998283,15.17,72.00,3064,0.4900000095,0.8199999928,6.1100001335,0,6,15,270,730
4702921684,04/26/2016,6108,4.9499998093,13.80,76.00,2784,0.0700000003,0.349999994,4.5399999619,0,1,8,216,765
4702921684,04/27/2016,7047,5.7199997902,14.39,68.00,2908,0.0900000036,0.8000000119,4.7800002098,0,1,16,238,733
4702921684,04/28/2016,9023,7.3200001717,15.04,78.00,3033,1.1299999952,0.4199999869,5.7699999809,0,14,9,232,738
4702921684,04/29/2016,9930,8.0500001907,15.69,86.00,3165,1.0599999428,0.9200000167,6.0700001717,0,12,19,267,692
4702921684,04/30/2016,10144,8.2299995422,15.45,70.00,3115,0.3199999928,2.0299999714,5.8800001144,0,4,36,263,728
4702921684,05/01/2016,0,0,10.00,10.00,2017,0,0,0,0,0,0,0,1440
4702921684,05/02/2016,7245,5.9200000763,14.17,74.00,2859,0.3799999952,1.7400000095,3.7599999905,0,5,40,195,1131
4702921684,05/03/2016,9454,7.6700000763,15.58,72.00,3145,0,0,7.6700000763,0,0,0,313,729
4702921684,05/04/2016,8161,6.6199998856,14.89,78.00,3004,0.3400000036,0.7300000191,5.5399999619,0,4,15,251,757
4702921684,05/05/2016,8614,6.9899997711,14.90,76.00,3006,0.6700000167,0.2199999988,6.0900001526,0,8,5,241,745
4702921684,05/06/2016,6943,5.6300001144,14.16,70.00,2859,0.0799999982,0.6600000262,4.8699998856,0,1,16,207,682
4702921684,05/07/2016,14370,11.649999619,18.26,66.00,3683,0.3700000048,2.3099999428,8.970000267,0,5,46,439,577
4702921684,05/08/2016,12857,10.430000305,16.30,64.00,3287,0.6800000072,6.2100000381,3.5399999619,0,9,125,192,1019
4702921684,05/09/2016,8232,6.6799998283,14.83,68.00,2990,0,0.5699999928,6.0999999046,0,0,12,253,746
4702921684,05/10/2016,10613,8.6099996567,15.73,76.00,3172,0.0799999982,1.8799999952,6.6500000954,0,1,37,262,701
4702921684,05/11/2016,9810,7.9600000381,15.22,72.00,3069,0.7799999714,2.1600000858,4.9800000191,0,10,41,235,784
4702921684,05/12/2016,2752,2.2300000191,13.22,70.00,1240,0,0,2.2300000191,0,0,0,68,241
5553957443,04/12/2016,11596,7.5700001717,15.36,66.00,2026,1.3700000048,0.7900000215,5.4099998474,0,19,13,277,767
5553957443,04/13/2016,4832,3.1600000858,13.03,66.00,1718,0,0,3.1600000858,0,0,0,226,647
5553957443,04/14/2016,17022,11.119999886,17.62,78.00,2324,4,2.4500000477,4.6700000763,0,61,41,256,693
5553957443,04/15/2016,16556,10.859999657,17.09,68.00,2254,4.1599998474,1.9800000191,4.7100000381,0,58,38,239,689
5553957443,04/16/2016,5771,3.7699999809,13.88,46.00,1831,0,0,3.7699999809,0,0,0,288,521
5553957443,04/17/2016,655,0.4300000072,10.60,36.00,1397,0,0,0.4300000072,0,0,0,46,943
5553957443,04/18/2016,3727,2.4300000668,12.76,52.00,1683,0,0,2.4300000668,0,0,0,206,622
5553957443,04/19/2016,15482,10.109999657,17.32,72.00,2284,4.2800002098,1.6599999666,4.1799998283,0,69,28,249,756
5553957443,04/20/2016,2713,1.7699999809,11.90,52.00,1570,0,0,1.7699999809,0,0,0,148,598
5553957443,04/21/2016,12346,8.0600004196,15.67,68.00,2066,2.9500000477,2.1600000858,2.9600000381,0,47,42,177,801
5553957443,04/22/2016,11682,7.6300001144,15.95,72.00,2105,1.3799999952,0.6299999952,5.5999999046,0,25,16,270,781
5553957443,04/23/2016,4112,2.6900000572,13.47,38.00,1776,0,0,2.6800000668,0,0,0,272,443
5553957443,04/24/2016,1807,1.1799999475,11.43,38.00,1507,0,0,1.1799999475,0,0,0,104,582
5553957443,04/25/2016,10946,7.1900000572,15.41,70.00,2033,2.9300000668,0.5699999928,3.6900000572,0,51,11,201,732
5553957443,04/26/2016,11886,7.7600002289,15.87,70.00,2093,2.3699998856,0.9300000072,4.4600000381,0,40,18,238,750
5553957443,04/27/2016,10538,6.8800001144,14.57,68.00,1922,1.1399999857,1,4.7399997711,0,16,16,206,745
5553957443,04/28/2016,11393,7.6300001144,15.16,88.00,1999,3.7100000381,0.75,3.1700000763,0,49,13,165,727
5553957443,04/29/2016,12764,8.3299999237,16.45,90.00,2169,2.7899999619,0.6399999857,4.9099998474,0,46,15,270,709
5553957443,04/30/2016,1202,0.7799999714,11.09,32.00,1463,0,0,0.7799999714,0,0,0,84,506
5553957443,05/01/2016,5164,3.3699998856,13.25,60.00,1747,0,0,3.3699998856,0,0,0,237,436
5553957443,05/02/2016,9769,6.3800001144,15.20,68.00,1996,1.0599999428,0.4099999964,4.9000000954,0,23,9,227,724
5553957443,05/03/2016,12848,8.3900003433,16.09,80.00,2116,1.5,1.2000000477,5.6799998283,0,26,29,247,812
5553957443,05/04/2016,4249,2.7699999809,12.93,58.00,1698,0,0,2.7699999809,0,0,0,224,651
5553957443,05/05/2016,14331,9.5100002289,16.41,108.00,2156,3.4300000668,1.6599999666,4.4299998283,0,44,29,241,692
5553957443,05/06/2016,9632,6.2899999619,14.58,72.00,1916,1.5199999809,0.5400000215,4.2300000191,0,21,9,229,761
5553957443,05/07/2016,1868,1.2200000286,11.37,81.00,1494,0,0,1.2200000286,0,0,0,96,902
5553957443,05/08/2016,6083,4,13.41,68.00,1762,0.2199999988,0.4699999988,3.2999999523,0,3,8,210,505
5553957443,05/09/2016,11611,7.5799999237,17.29,92.00,2272,2.1300001144,0.8899999857,4.5599999428,0,59,22,251,667
5553957443,05/10/2016,16358,10.710000038,17.78,74.00,2335,3.8699998856,1.6100000143,5.1999998093,0,61,40,265,707
5553957443,05/11/2016,4926,3.2200000286,12.89,60.00,1693,0,0,3.2200000286,0,0,0,195,628
5553957443,05/12/2016,3121,2.0399999619,13.06,64.00,741,0.5799999833,0.400000006,1.0599999428,0,8,6,48,222
5577150313,04/12/2016,8135,6.0799999237,18.35,124.00,3405,3.5999999046,0.3799999952,2.0999999046,0,86,16,140,728
5577150313,04/13/2016,5077,3.7899999619,13.75,84.00,2551,0.3199999928,0.2199999988,3.25,0,15,11,144,776
5577150313,04/14/2016,8596,6.4200000763,22.09,138.00,4022,3.3299999237,0.3100000024,2.7799999714,0,118,30,176,662
5577150313,04/15/2016,12087,9.0799999237,21.99,121.00,4005,3.9200000763,1.6000000238,3.5599999428,0,115,54,199,695
5577150313,04/16/2016,14269,10.659999847,23.46,100.00,4274,6.6399998665,1.2799999714,2.7300000191,0,184,56,158,472
5577150313,04/17/2016,12231,9.1400003433,25.02,138.00,4552,5.9800000191,0.8299999833,2.3199999332,0,200,37,159,525
5577150313,04/18/2016,9893,7.3899998665,19.92,122.00,3625,4.8600001335,0.7200000286,1.8200000525,0,114,32,130,623
5577150313,04/19/2016,12574,9.4200000763,19.24,124.00,3501,7.0199999809,0.6399999857,1.7599999905,0,108,23,111,733
5577150313,04/20/2016,8330,6.2199997902,17.54,98.00,3192,4.1199998856,0.3400000036,1.7599999905,0,87,16,113,773
5577150313,04/21/2016,10830,8.0900001526,22.08,134.00,4018,3.6500000954,1.6599999666,2.7799999714,0,110,74,175,670
5577150313,04/22/2016,9172,6.8499999046,18.05,94.00,3329,2.4200000763,0.7900000215,3.2999999523,0,62,30,200,823
5577150313,04/23/2016,7638,5.7100000381,17.32,126.00,3152,1.2100000381,0.3600000143,4.1399998665,0,24,24,223,627
5577150313,04/24/2016,15764,11.779999733,24.14,96.00,4392,7.6500000954,2.1500000954,1.9800000191,0,210,65,141,425
5577150313,04/25/2016,6393,4.7800002098,18.54,92.00,3374,1.3500000238,0.6700000167,2.7599999905,0,61,38,214,743
5577150313,04/26/2016,5325,3.9800000191,16.97,82.00,3088,0.8500000238,0.6499999762,2.4700000286,0,38,32,181,759
5577150313,04/27/2016,6805,5.1399998665,18.10,92.00,3294,1.8099999428,0.400000006,2.9300000668,0,63,16,190,773
5577150313,04/28/2016,9841,7.4299998283,19.68,132.00,3580,3.25,1.1699999571,3.0099999905,0,99,51,141,692
5577150313,04/29/2016,7924,5.9200000763,19.48,106.00,3544,2.8399999142,0.6100000143,2.4700000286,0,97,36,165,739
5577150313,04/30/2016,12363,9.2399997711,24.74,102.00,4501,5.8299999237,0.7900000215,2.6099998951,0,207,45,163,621
5577150313,05/01/2016,13368,9.9899997711,24.99,106.00,4546,5.3099999428,1.4400000572,3.2400000095,0,194,72,178,499
5577150313,05/02/2016,7439,5.5599999428,16.56,96.00,3014,1.1200000048,0.349999994,4.0700001717,0,37,20,235,732
5577150313,05/03/2016,11045,8.25,20.86,112.00,3795,4.5199999809,0.150000006,3.5699999332,0,97,8,212,580
5577150313,05/04/2016,5206,3.8900001049,15.13,110.00,2755,1.5599999428,0.25,2.0799999237,0,25,9,141,631
5577150313,05/05/2016,7550,5.6399998665,16.51,104.00,3004,2.5,0.4699999988,2.6700000763,0,45,21,143,1153
5577150313,05/06/2016,4950,3.7000000477,14.53,96.00,2643,1.9299999475,0.3199999928,1.4500000477,0,41,16,79,1304
5577150313,05/07/2016,0,0,10.00,10.00,1819,0,0,0,0,0,0,0,1440
5577150313,05/08/2016,0,0,10.00,10.00,1819,0,0,0,0,0,0,0,1440
5577150313,05/09/2016,3421,2.5599999428,13.68,96.00,2489,1.4299999475,0.1400000006,0.9900000095,0,34,11,70,1099
5577150313,05/10/2016,8869,6.6500000954,21.11,136.00,3841,2.5599999428,0.75,3.3499999046,0,104,37,194,639
5577150313,05/11/2016,4038,3.0399999619,18.13,138.00,1665,1.8300000429,0.3000000119,0.8899999857,0,45,15,63,257
6117666160,04/12/2016,0,0,10.00,10.00,1496,0,0,0,0,0,0,0,1440
6117666160,04/13/2016,0,0,10.00,10.00,1496,0,0,0,0,0,0,0,1440
6117666160,04/14/2016,0,0,10.00,10.00,1496,0,0,0,0,0,0,0,1440
6117666160,04/15/2016,14019,10.590000153,19.14,58.00,2865,0,0.2800000012,10.300000191,0,0,6,513,921
6117666160,04/16/2016,14450,10.909999847,18.90,78.00,2828,0.5799999833,0.8500000238,9.4799995422,0,7,15,518,502
6117666160,04/17/2016,7150,5.4000000954,14.87,58.00,2225,0,0,5.4000000954,0,0,0,312,702
6117666160,04/18/2016,5153,3.9100000858,13.49,56.00,2018,0,0,3.8900001049,0,0,0,241,759
6117666160,04/19/2016,11135,8.4099998474,17.42,60.00,2606,0,0,8.4099998474,0,0,0,480,425
6117666160,04/20/2016,10449,8.0200004578,16.95,100.00,2536,2.0299999714,0.4799999893,5.5199999809,0,26,10,349,587
6117666160,04/21/2016,19542,15.010000229,15.81,79.00,4900,0.9800000191,0.400000006,5.6199998856,0,11,19,294,579
6117666160,04/22/2016,8206,6.1999998093,16.10,63.00,2409,0,0,6.1999998093,0,0,0,402,413
6117666160,04/23/2016,11495,8.6800003052,17.71,58.00,2651,0,0,8.6800003052,0,0,0,512,468
6117666160,04/24/2016,7623,5.7600002289,15.40,72.00,2305,0,0,5.7600002289,0,0,0,362,711
6117666160,04/25/2016,0,0,10.00,10.00,1497,0,0,0,0,0,0,0,1440
6117666160,04/26/2016,9543,7.2100000381,16.37,60.00,2450,0,0.3400000036,6.8699998856,0,0,7,352,1077
6117666160,04/27/2016,9411,7.1100001335,17.22,60.00,2576,0,0,7.1100001335,0,0,0,458,417
6117666160,04/28/2016,3403,2.5999999046,12.56,79.00,1879,0,0,2.5999999046,0,0,0,141,758
6117666160,04/29/2016,9592,7.2399997711,17.11,58.00,2560,0,0,7.2399997711,0,0,0,461,479
6117666160,04/30/2016,6987,5.2800002098,15.21,98.00,2275,0,0,5.2800002098,0,0,0,343,1040
6117666160,05/01/2016,8915,6.7300000191,15.78,64.00,2361,0,0,6.7300000191,0,0,0,397,525
6117666160,05/02/2016,4933,3.7300000191,13.65,48.00,2044,0,0,3.7300000191,0,0,0,236,1204
6117666160,05/03/2016,0,0,10.00,10.00,1496,0,0,0,0,0,0,0,1440
6117666160,05/04/2016,2997,2.2599999905,12.71,46.00,1902,0,0,2.2599999905,0,0,0,156,1279
6117666160,05/05/2016,9799,7.4000000954,17.62,52.00,2636,0,0,7.4000000954,0,0,0,487,479
6117666160,05/06/2016,3365,2.6800000668,12.28,123.00,1838,0,0,2.6800000668,0,0,0,133,673
6117666160,05/07/2016,7336,5.5399999619,16.50,48.00,2469,0,0,5.5399999619,0,0,0,412,456
6117666160,05/08/2016,7328,5.5300002098,15.04,50.00,2250,0,0,5.5300002098,0,0,0,318,517
6117666160,05/09/2016,4477,3.3800001144,14.51,52.00,1248,0,0,3.3800001144,0,0,0,197,125
6290855005,04/12/2016,4562,3.4500000477,12.42,56.00,2560,0,0,3.4500000477,0,0,0,199,1241
6290855005,04/13/2016,7142,5.4000000954,14.10,52.00,2905,0,0,5.3899998665,0.0099999998,0,0,350,1090
6290855005,04/14/2016,7671,5.8000001907,14.33,54.00,2952,0,0,5.7699999809,0.0299999993,0,0,363,1077
6290855005,04/15/2016,9501,7.1799998283,14.06,52.00,2896,0,0,7.1700000763,0.0099999998,0,0,328,1112
6290855005,04/16/2016,8301,6.2800002098,13.51,62.00,2783,0,0,6.2699999809,0.0099999998,0,0,258,1182
6290855005,04/17/2016,7851,5.9400000572,15.39,138.00,3171,1.1399999857,0.7900000215,4,0,31,12,225,1172
6290855005,04/18/2016,6885,5.2100000381,13.43,56.00,2766,0,0,5.1900000572,0.0199999996,0,0,271,1169
6290855005,04/19/2016,7142,5.4000000954,13.78,52.00,2839,0,0,5.3899998665,0.0099999998,0,0,321,1119
6290855005,04/20/2016,6361,4.8099999428,13.11,46.00,2701,0,0,4.8000001907,0.0099999998,0,0,258,1182
6290855005,04/21/2016,0,0,10.00,10.00,2060,0,0,0,0,0,0,0,1440
6290855005,04/22/2016,6238,4.7199997902,13.57,54.00,2796,0,0,4.7199997902,0,0,0,302,1138
6290855005,04/23/2016,0,0,12.93,138.00,2664,0,0,0,0,33,0,0,1407
6290855005,04/24/2016,5896,4.4600000381,13.12,52.00,2703,0,0,4.4600000381,0,0,0,258,1182
6290855005,04/25/2016,7802,5.9000000954,13.45,72.00,2771,0.6800000072,0.1800000072,5.0300002098,0.0099999998,8,3,249,1180
6290855005,04/26/2016,0,0,10.00,10.00,2060,0,0,0,0,0,0,0,1440
6290855005,04/27/2016,5565,4.2100000381,13.31,46.00,2743,0,0,4.1799998283,0.0299999993,0,0,287,1153
6290855005,04/28/2016,5731,4.3299999237,13.04,46.00,2687,0,0,4.3299999237,0,0,0,255,1185
6290855005,04/29/2016,0,0,10.00,10.00,2060,0,0,0,0,0,0,0,1440
6290855005,04/30/2016,6744,5.0999999046,13.80,42.00,2843,0,0,5.0900001526,0.0099999998,0,0,324,1116
6290855005,05/01/2016,9837,7.4400000572,16.17,66.00,3327,0.6600000262,2.75,4,0.0199999996,8,95,282,1055
6290855005,05/02/2016,6781,5.1300001144,13.23,46.00,2725,0,0,5.1100001335,0.0199999996,0,0,268,1172
6290855005,05/03/2016,6047,4.5700001717,12.96,52.00,2671,0,0,4.5700001717,0,0,0,240,1200
6290855005,05/04/2016,5832,4.4099998474,13.19,50.00,2718,0,0,4.4000000954,0.0099999998,0,0,272,1168
6290855005,05/05/2016,6339,4.7899999619,13.02,52.00,2682,0,0,4.7899999619,0,0,0,239,1201
6290855005,05/06/2016,6116,4.6199998856,13.62,52.00,2806,0,0,4.5900001526,0.0299999993,0,0,305,1135
6290855005,05/07/2016,5510,4.1700000763,12.68,38.00,2613,0,0,4.1599998474,0,0,0,227,1213
6290855005,05/08/2016,7706,5.8299999237,13.16,46.00,2712,0,0,5.8200001717,0,0,0,251,1189
6290855005,05/09/2016,6277,4.75,14.35,50.00,2175,0,0,4.7300000191,0.0199999996,0,0,264,800
6290855005,05/10/2016,0,0,,,0,0,0,0,0,0,0,0,1440
6775888955,04/12/2016,0,0,10.00,10.00,1841,0,0,0,0,0,0,0,1440
6775888955,04/13/2016,4053,2.9100000858,13.04,70.00,2400,1.1100000143,0.5799999833,1.2200000286,0,17,18,85,1053
6775888955,04/14/2016,5162,3.7000000477,13.62,72.00,2507,0.8700000048,0.8600000143,1.9700000286,0,14,24,105,863
6775888955,04/15/2016,1282,0.9200000167,11.56,66.00,2127,0,0,0.9200000167,0,0,0,58,976
6775888955,04/16/2016,4732,3.3900001049,12.09,80.00,2225,2.5199999809,0.8100000024,0.0599999987,0,36,18,9,1377
6775888955,04/17/2016,2497,1.7899999619,11.23,66.00,2067,0.349999994,1.1299999952,0.3100000024,0,5,24,19,1392
6775888955,04/18/2016,8294,5.9499998093,15.20,74.00,2798,2,0.7699999809,3.1700000763,0,30,31,146,1233
6775888955,04/19/2016,0,0,10.00,10.00,1841,0,0,0,0,0,0,0,1440
6775888955,04/20/2016,10771,7.7199997902,20.25,88.00,3727,3.7699999809,1.7400000095,2.2200000286,0,70,113,178,1079
6775888955,04/21/2016,0,0,10.00,10.00,1841,0,0,0,0,0,0,0,1440
6775888955,04/22/2016,637,0.4600000083,10.44,52.00,1922,0,0,0.4600000083,0,0,0,20,1420
6775888955,04/23/2016,0,0,10.00,10.00,1841,0,0,0,0,0,0,0,1440
6775888955,04/24/2016,2153,1.5399999619,11.15,68.00,2053,0.7699999809,0.6200000048,0.150000006,0,11,18,11,1400
6775888955,04/25/2016,6474,4.6399998665,13.48,80.00,2484,2.2699999809,0.4600000083,1.8999999762,0,33,13,92,1302
6775888955,04/26/2016,7091,5.2699999809,14.04,95.00,2584,3.4800000191,0.8700000048,0.7300000191,0,42,30,47,1321
6775888955,04/27/2016,0,0,10.00,10.00,1841,0,0,0,0,0,0,0,1440
6775888955,04/28/2016,703,0.5,10.83,68.00,1993,0.0599999987,0.200000003,0.2399999946,0,2,13,15,1410
6775888955,04/29/2016,0,0,10.00,14.00,1841,0,0,0,0,0,0,0,1440
6775888955,04/30/2016,2503,1.7899999619,12.39,68.00,2280,0.1599999964,0.1599999964,1.4800000191,0,3,9,84,1344
6775888955,05/01/2016,2487,1.7799999714,12.60,72.00,2319,0.4799999893,0.6200000048,0.6800000072,0,9,34,50,1347
6775888955,05/02/2016,0,0,10.00,11.00,1841,0,0,0,0,0,0,0,1440
6775888955,05/03/2016,9,0.0099999998,10.01,26.00,1843,0,0,0.0099999998,0,0,0,1,1439
6775888955,05/04/2016,0,0,10.00,10.00,1841,0,0,0,0,0,0,0,1440
6775888955,05/05/2016,0,0,10.00,10.00,1841,0,0,0,0,0,0,0,1440
6775888955,05/06/2016,4697,3.3699998856,13.56,70.00,2496,0.4699999988,0.9300000072,1.9299999475,0,12,35,75,1318
6775888955,05/07/2016,1967,1.4099999666,13.19,64.00,1032,0.1299999952,0.2399999946,1.0499999523,0,2,5,49,551
6962181067,04/12/2016,10199,6.7399997711,15.32,102.00,1994,3.4000000954,0.8299999833,2.5099999905,0,50,14,189,796
6962181067,04/13/2016,5652,3.7400000095,13.24,78.00,1718,0.5699999928,1.2100000381,1.9600000381,0,8,24,142,548
6962181067,04/14/2016,1551,1.0299999714,11.33,64.00,1466,0,0,1.0299999714,0,0,0,86,862
6962181067,04/15/2016,5563,3.6800000668,13.60,60.00,1756,0,0,3.6800000668,0,0,0,217,837
6962181067,04/16/2016,13217,8.7399997711,16.75,78.00,2173,3.6600000858,0.1899999976,4.8800001144,0,50,3,280,741
6962181067,04/17/2016,10145,6.7100000381,15.71,77.00,2027,0.3300000131,0.6800000072,5.6900000572,0,5,13,295,634
6962181067,04/18/2016,11404,7.5399999619,15.83,64.00,2039,0.8299999833,2.3900001049,4.3200001717,0,13,42,238,689
6962181067,04/19/2016,10742,7.0999999046,15.85,70.00,2046,2.0999999046,2.1300001144,2.8699998856,0,35,41,195,659
6962181067,04/20/2016,13928,9.5500001907,16.80,77.00,2174,4.2800002098,0.1899999976,5.0900001526,0,48,4,297,639
6962181067,04/21/2016,11835,9.7100000381,16.89,110.00,2179,3.9900000095,2.0999999046,3.5099999905,0.1099999994,53,27,214,708
6962181067,04/22/2016,10725,7.0900001526,16.17,100.00,2086,1.7699999809,1.5499999523,3.7699999809,0,30,33,240,659
6962181067,04/23/2016,20031,13.239999771,19.91,84.00,2571,4.1999998093,2,7.0399999619,0,58,41,347,484
6962181067,04/24/2016,5029,3.3199999332,13.20,60.00,1705,0,0,3.3199999332,0,0,0,199,720
6962181067,04/25/2016,13239,9.2700004578,16.95,78.00,2194,3.0199999809,1.6799999475,4.4600000381,0.1000000015,35,31,282,637
6962181067,04/26/2016,10433,6.9000000954,15.58,80.00,2012,2.5799999237,0.4199999869,3.9000000954,0,36,7,254,680
6962181067,04/27/2016,10320,6.8200001717,15.78,81.00,2034,0.5500000119,2.0199999809,4.25,0,7,38,279,697
6962181067,04/28/2016,12627,8.3500003815,16.94,112.00,2182,2.5099999905,0.2399999946,5.5900001526,0,38,8,288,621
6962181067,04/29/2016,10762,7.1100001335,17.46,78.00,2254,0.8199999928,0.4799999893,5.8099999428,0,12,15,369,645
6962181067,04/30/2016,10081,6.6599998474,15.55,80.00,2002,2.2400000095,0.7599999905,3.6700000763,0,32,16,237,731
6962181067,05/01/2016,5454,3.6099998951,13.45,64.00,1740,0,0,3.6099998951,0,0,0,215,722
6962181067,05/02/2016,12912,8.5399999619,16.74,76.00,2162,1.2000000477,2,5.3400001526,0,18,39,313,655
6962181067,05/03/2016,12109,8.1199998856,16.10,96.00,2072,1.7400000095,2.0399999619,4.3299999237,0,21,36,267,654
6962181067,05/04/2016,10147,6.7100000381,16.20,100.00,2086,0.4699999988,1.6799999475,4.5500001907,0,15,36,284,683
6962181067,05/05/2016,10524,6.9600000381,16.02,66.00,2066,0.9900000095,1.1599999666,4.8099999428,0,14,22,305,591
6962181067,05/06/2016,5908,3.9100000858,14.33,52.00,1850,0,0,3.9100000858,0,0,0,299,717
6962181067,05/07/2016,6815,4.5,15.11,56.00,1947,0,0,4.5,0,0,0,328,745
6962181067,05/08/2016,4188,2.7699999809,12.88,54.00,1659,0,0.5199999809,2.25,0,0,14,151,709
6962181067,05/09/2016,12342,8.720000267,16.19,83.00,2105,3.9000000954,1.1799999475,3.6500000954,0,43,21,231,607
6962181067,05/10/2016,15448,10.210000038,18.19,110.00,2361,3.4700000286,1.75,4.9899997711,0,62,34,275,626
6962181067,05/11/2016,6722,4.4400000572,14.31,84.00,1855,1.4900000095,0.3100000024,2.6500000954,0,24,7,199,709
6962181067,05/12/2016,3587,2.3699998856,14.30,60.00,928,0,0.25,2.1099998951,0,0,8,105,127
7007744171,04/12/2016,14172,10.289999962,18.87,82.00,2937,4.5,0.3799999952,5.4099998474,0,53,8,355,1024
7007744171,04/13/2016,12862,9.6499996185,17.62,84.00,2742,4.6100001335,0.5600000024,4.4800000191,0,56,22,261,1101
7007744171,04/14/2016,11179,8.2399997711,17.14,68.00,2668,2.9500000477,0.3400000036,4.9600000381,0,34,6,304,1096
7007744171,04/15/2016,5273,3.5299999714,13.48,68.00,2098,0,0,3.5299999714,0,0,0,202,1238
7007744171,04/16/2016,4631,3.0999999046,13.34,66.00,2076,0,0,3.0999999046,0,0,0,203,1155
7007744171,04/17/2016,8059,5.3899998665,15.31,56.00,2383,0,0,5.3899998665,0,0,0,305,1135
7007744171,04/18/2016,14816,10.979999542,18.19,76.00,2832,3.7899999619,2.1199998856,5.0500001907,0.0199999996,48,31,284,1077
7007744171,04/19/2016,14194,10.479999542,18.05,72.00,2812,4.4099998474,0.7599999905,5.3099999428,0,53,17,304,1066
7007744171,04/20/2016,15566,11.31000042,19.89,92.00,3096,4.7899999619,0.6700000167,5.8600001335,0,60,33,347,1000
7007744171,04/21/2016,13744,9.1899995804,17.75,66.00,2763,2.1500000954,1.8700000048,5.1700000763,0,30,34,327,1049
7007744171,04/22/2016,15299,10.239999771,18.56,92.00,2889,4.0999999046,1.7599999905,4.3699998856,0,64,50,261,1065
7007744171,04/23/2016,8093,5.4099998474,14.67,66.00,2284,0.1299999952,1.1299999952,4.1500000954,0,2,25,223,1190
7007744171,04/24/2016,11085,7.4200000763,17.13,50.00,2667,0,0,7.4200000763,0,0,0,419,1021
7007744171,04/25/2016,18229,13.340000153,19.63,72.00,3055,4.3099999428,1.3700000048,7.6700000763,0,51,24,379,986
7007744171,04/26/2016,15090,10.100000381,18.88,80.00,2939,0.9300000072,0.9399999976,8.2299995422,0,16,22,424,978
7007744171,04/27/2016,13541,10.220000267,18.18,76.00,2830,4.2699999809,0.6600000262,5.2899999619,0,50,12,337,1041
7007744171,04/28/2016,15128,10.119999886,18.22,90.00,2836,1.0900000334,0.7699999809,8.2600002289,0,16,16,401,1007
7007744171,04/29/2016,20067,14.300000191,20.43,86.00,3180,4.3099999428,2.0499999523,7.9499998093,0,55,42,382,961
7007744171,04/30/2016,3761,2.5199999809,13.18,52.00,2051,0,0,2.5199999809,0,0,0,200,1240
7007744171,05/01/2016,5600,3.75,14.30,60.00,2225,0,0,3.75,0,0,0,237,1142
7007744171,05/02/2016,13041,9.1800003052,16.97,84.00,2642,4.6399998665,0.6999999881,3.8299999237,0,64,14,250,1112
7007744171,05/03/2016,14510,10.869999886,19.12,72.00,2976,4.4800000191,1.0199999809,5.3600001335,0,58,31,330,1021
7007744171,05/04/2016,0,0,10.00,11.00,1557,0,0,0,0,0,0,0,1440
7007744171,05/05/2016,15010,11.100000381,18.84,74.00,2933,4.3299999237,1.2899999619,5.4800000191,0,53,23,317,1047
7007744171,05/06/2016,11459,7.6700000763,16.40,106.00,2553,3,0.8100000024,3.8599998951,0,44,13,247,1136
7007744171,05/07/2016,0,0,10.00,10.00,120,0,0,0,0,0,0,0,111
7086361926,04/12/2016,11317,8.4099998474,17.01,117.00,2772,5.2699999809,0.150000006,2.9700000286,0,59,6,153,745
7086361926,04/13/2016,5813,3.6199998856,15.44,86.00,2516,0.5600000024,0.2099999934,2.8399999142,0,31,26,155,744
7086361926,04/14/2016,9123,6.1199998856,16.74,111.00,2734,2.0299999714,0.3300000131,3.6600000858,0,35,32,189,787
7086361926,04/15/2016,8585,5.6700000763,14.70,86.00,2395,2.0399999619,1.1100000143,2.5299999714,0,30,21,139,864
7086361926,04/16/2016,31,0.0099999998,10.03,26.00,1635,0,0,0.0099999998,0,0,0,3,1437
7086361926,04/17/2016,0,0,10.00,10.00,1629,0,0,0,0,0,0,0,1440
7086361926,04/18/2016,9827,6.7100000381,16.84,111.00,2743,3.1700000763,1.2200000286,2.3099999428,0,61,51,114,1136
7086361926,04/19/2016,10688,7.2899999619,18.07,121.00,2944,3.5299999714,1.2300000191,2.5099999905,0,67,69,124,671
7086361926,04/20/2016,14365,10.640000343,18.39,119.00,2997,7.6399998665,0.4499999881,2.5399999619,0,87,13,145,797
7086361926,04/21/2016,9469,6.1799998283,15.12,74.00,2463,1.3600000143,0.3000000119,4.5100002289,0,19,6,206,758
7086361926,04/22/2016,9753,6.5300002098,17.45,121.00,2846,2.8699998856,0.9700000286,2.6700000763,0,58,59,153,762
7086361926,04/23/2016,2817,1.8099999428,12.05,72.00,1965,0,0,1.7999999523,0,0,0,90,1350
7086361926,04/24/2016,3520,2.1600000858,12.57,70.00,2049,0,0,2.1500000954,0,0,0,125,566
7086361926,04/25/2016,10091,6.8200001717,16.89,123.00,2752,3.75,0.6999999881,2.3699998856,0,69,39,129,706
7086361926,04/26/2016,10387,7.0700001717,17.06,117.00,2781,4.1599998474,0.7699999809,2.1199998856,0,70,33,132,726
7086361926,04/27/2016,11107,8.3400001526,16.53,117.00,2693,5.6300001144,0.1800000072,2.5299999714,0,55,6,145,829
7086361926,04/28/2016,11584,7.8000001907,17.55,113.00,2862,2.7899999619,1.6399999857,3.3599998951,0,54,48,161,810
7086361926,04/29/2016,7881,4.9499998093,16.04,84.00,2616,0.4900000095,0.4499999881,4,0,24,36,182,1198
7086361926,04/30/2016,14560,9.4099998474,18.38,117.00,2995,3.1199998856,1.0399999619,5.2399997711,0,42,17,308,584
7086361926,05/01/2016,12390,8.0699996948,16.75,82.00,2730,2.2999999523,0.8999999762,4.8499999046,0,30,15,258,685
7086361926,05/02/2016,10052,6.8099999428,16.90,123.00,2754,3.4800000191,0.6600000262,2.6600000858,0,66,26,139,737
7086361926,05/03/2016,10288,6.7600002289,16.90,115.00,2754,2.7400000095,0.8500000238,3.1600000858,0,57,36,152,761
7086361926,05/04/2016,10988,8.3100004196,16.29,121.00,2655,5.2800002098,0.1199999973,2.9000000954,0,45,12,135,843
7086361926,05/05/2016,8564,5.5999999046,14.60,120.00,2386,1.7799999714,0.8299999833,2.9500000477,0,24,14,149,1253
7086361926,05/06/2016,12461,8.3800001144,17.94,125.00,2924,3.8199999332,1.4299999475,3.1199998856,0,84,35,154,834
7086361926,05/07/2016,12827,8.4799995422,16.81,82.00,2739,1.4600000381,2.3299999237,4.6799998283,0,20,42,209,621
7086361926,05/08/2016,10677,7.0999999046,15.55,82.00,2534,2.3099999428,1.5299999714,3.25,0,32,27,147,695
7086361926,05/09/2016,13566,9.1099996567,18.16,115.00,2960,4.2600002289,1.7100000381,3.1199998856,0,67,50,171,743
7086361926,05/10/2016,14433,10.789999962,17.15,123.00,2800,7.1100001335,1.2000000477,2.4500000477,0,72,23,106,1182
7086361926,05/11/2016,9572,6.5199999809,16.78,127.00,2735,2.8900001049,1.3899999857,2.2300000191,0,57,40,128,757
7086361926,05/12/2016,3789,2.5599999428,11.27,62.00,1199,0.3799999952,0.2700000107,1.8899999857,0,5,4,58,343
8053475328,04/12/2016,18060,14.119999886,18.17,105.00,3186,11.640000343,0.3899999857,2.0999999046,0,116,8,123,1193
8053475328,04/13/2016,16433,13.350000381,17.91,103.00,3140,10.430000305,0.4699999988,2.4500000477,0,95,12,156,1177
8053475328,04/14/2016,20159,15.970000267,19.44,103.00,3411,12.340000153,0.2099999934,3.3599998951,0,119,5,193,1123
8053475328,04/15/2016,20669,16.239999771,19.45,103.00,3410,13.260000229,0.3899999857,2.5899999142,0,132,8,158,1142
8053475328,04/16/2016,14549,11.109999657,16.36,101.00,2867,9.3599996567,0.2700000107,1.4900000095,0,96,6,83,1255
8053475328,04/17/2016,18827,13.68999958,18.33,82.00,3213,9.2399997711,0.8000000119,3.6400001049,0,111,21,195,1113
8053475328,04/18/2016,17076,12.659999847,17.87,101.00,3133,9.0799999237,0.2300000042,3.3499999046,0,102,6,195,1137
8053475328,04/19/2016,15929,12.479999542,17.76,103.00,3114,9.220000267,0.3100000024,2.9500000477,0,90,7,191,1152
8053475328,04/20/2016,15108,12.18999958,17.36,103.00,3043,9.5799999237,0.2300000042,2.3800001144,0,89,5,158,695
8053475328,04/21/2016,16057,12.510000229,17.69,103.00,3103,9.6700000763,0.25,2.5799999237,0,100,6,170,1164
8053475328,04/22/2016,10520,8.2899999619,15.14,101.00,2655,6.2600002289,0.150000006,1.8799999952,0,60,3,117,1260
8053475328,04/23/2016,22359,17.190000534,20.28,101.00,3554,12.539999962,0.6299999952,4.0199999809,0,125,14,223,741
8053475328,04/24/2016,22988,17.950000763,20.40,103.00,3577,13.130000114,1.5499999523,3.2599999905,0,129,33,182,1096
8053475328,04/25/2016,20500,15.68999958,19.41,103.00,3403,11.369999886,0.4600000083,3.8599998951,0,118,9,209,1104
8053475328,04/26/2016,12685,9.6199998856,16.23,103.00,2846,6.3099999428,0.200000003,3.0999999046,0,68,5,185,1182
8053475328,04/27/2016,12422,9.8199996948,16.27,103.00,2852,6.4600000381,0.4300000072,2.9300000668,0,60,10,183,1187
8053475328,04/28/2016,15447,12.399999619,17.47,105.00,3062,9.6700000763,0.3899999857,2.3499999046,0,90,9,153,1188
8053475328,04/29/2016,12315,9.6499996185,15.94,103.00,2794,6.1700000763,0.3100000024,3.1700000763,0,58,8,159,1215
8053475328,04/30/2016,7135,5.5900001526,13.74,135.00,2408,2.9900000095,0.0599999987,2.5399999619,0,27,1,131,1281
8053475328,05/01/2016,1170,0.8500000238,10.76,42.00,1886,0,0,0.8500000238,0,0,0,51,1389
8053475328,05/02/2016,1969,1.4299999475,11.37,42.00,1988,0,0,1.4299999475,0,0,0,95,1345
8053475328,05/03/2016,15484,11.899999619,17.29,101.00,3023,8.3900003433,0.9300000072,2.5899999142,0,87,22,165,1166
8053475328,05/04/2016,14581,11.149999619,16.68,101.00,2918,8.8199996948,0.400000006,1.9099999666,0,89,8,123,1220
8053475328,05/05/2016,14990,11.510000229,16.87,101.00,2950,8.8500003815,0.4499999881,2.2100000381,0,93,9,130,1208
8053475328,05/06/2016,13953,11,16.35,105.00,2859,9.1000003815,0.6899999976,1.2100000381,0,90,15,90,1245
8053475328,05/07/2016,19769,15.670000076,19.05,105.00,3331,12.43999958,0.8799999952,2.3499999046,0,121,20,148,1076
8053475328,05/08/2016,22026,17.649999619,20.53,103.00,3589,13.399999619,0.5899999738,3.6600000858,0,125,14,228,1073
8053475328,05/09/2016,12465,9.3800001144,15.82,103.00,2765,6.1199998856,0.5699999928,2.6900000572,0,66,12,148,1214
8053475328,05/10/2016,14810,11.359999657,16.74,119.00,2926,9.0900001526,0.4199999869,1.8500000238,0,96,10,115,1219
8053475328,05/11/2016,12209,9.3999996185,16.07,105.00,2809,6.0799999237,0.2800000012,3.0399999619,0,60,7,184,1189
8053475328,05/12/2016,4998,3.9100000858,13.59,103.00,1505,2.9500000477,0.200000003,0.7599999905,0,28,4,39,839
8253242879,04/12/2016,9033,7.1599998474,14.32,99.00,2044,5.4299998283,0.1400000006,1.5900000334,0,40,2,154,1244
8253242879,04/13/2016,8053,6.0999999046,13.55,111.00,1935,4.1700000763,0.6299999952,1.3099999428,0,35,11,96,1298
8253242879,04/14/2016,5234,3.4600000381,11.95,82.00,1705,1.9299999475,0.9900000095,0.5400000215,0,29,16,33,1362
8253242879,04/15/2016,2672,1.7699999809,11.43,68.00,1632,0,0,1.7599999905,0,0,0,105,1335
8253242879,04/16/2016,9256,6.1399998665,13.18,70.00,1880,0.4300000072,3.2699999809,2.4500000477,0,6,51,115,1268
8253242879,04/17/2016,10204,7.9099998474,14.79,107.00,2112,5.4299998283,0.150000006,2.3299999237,0,41,5,157,1237
8253242879,04/18/2016,5151,3.4800000191,12.81,101.00,1829,1.0399999619,0.6299999952,1.7999999523,0,16,16,130,1278
8253242879,04/19/2016,4212,2.7799999714,12.35,62.00,1763,0,0,2.7799999714,0,0,0,164,1276
8253242879,04/20/2016,6466,4.2699999809,13.53,74.00,1931,0.3300000131,0.8199999928,3.1099998951,0.0099999998,5,18,216,1201
8253242879,04/21/2016,11268,8.5600004196,15.54,117.00,2218,5.8800001144,0.9300000072,1.75,0,49,20,172,1199
8253242879,04/22/2016,2824,1.8700000048,11.57,46.00,1651,0,0,1.8700000048,0,0,0,120,1320
8253242879,04/23/2016,9282,6.2600002289,14.94,105.00,2132,2.0899999142,1.0399999619,3.1300001144,0,30,26,191,1193
8253242879,04/24/2016,8905,7.1300001144,13.84,111.00,1976,5.5999999046,0.1899999976,1.3400000334,0,41,4,82,1313
8253242879,04/25/2016,6829,4.5100002289,13.37,64.00,1909,0.3600000143,2.3900001049,1.7699999809,0,7,54,118,1261
8253242879,04/26/2016,4562,3.0399999619,12.70,103.00,1813,1.1799999475,0.4900000095,1.3700000048,0,19,14,108,1299
8253242879,04/27/2016,10232,8.1800003052,14.07,97.00,2008,6.2399997711,0.2300000042,1.7000000477,0,45,5,104,1286
8253242879,04/28/2016,2718,1.7999999523,11.07,70.00,1580,0.6700000167,0.7799999714,0.3400000036,0,11,16,20,1393
8253242879,04/29/2016,6260,4.2600002289,13.06,89.00,1854,1.2899999619,0.5400000215,2.4000000954,0,16,14,136,1257
8253242879,04/30/2016,0,0,,,0,0,0,0,0,0,0,0,1440
8378563200,04/12/2016,7626,6.0500001907,16.81,80.00,3635,0.8299999833,0.7099999785,4.5,0,65,15,156,723
8378563200,04/13/2016,12386,9.8199996948,18.87,80.00,4079,4.9600000381,0.6499999762,4.2100000381,0,116,14,169,680
8378563200,04/14/2016,13318,10.56000042,19.25,80.00,4163,5.6199998856,1.0299999714,3.9100000858,0,123,21,174,699
8378563200,04/15/2016,14461,11.470000267,16.91,78.00,3666,4.9099998474,1.1499999762,5.4099998474,0,60,23,190,729
8378563200,04/16/2016,11207,8.8900003433,15.55,82.00,3363,5.3699998856,1.0700000525,2.4400000572,0,64,21,142,563
8378563200,04/17/2016,2132,1.6900000572,11.90,56.00,2572,0,0,1.6900000572,0,0,0,93,599
8378563200,04/18/2016,13630,10.81000042,19.23,80.00,4157,5.0500001907,0.5600000024,5.1999998093,0,117,10,174,720
8378563200,04/19/2016,13070,10.359999657,18.93,80.00,4092,5.3000001907,0.8799999952,4.1799998283,0,120,19,154,737
8378563200,04/20/2016,9388,7.4400000572,17.51,80.00,3787,2.2300000191,0.4399999976,4.7800002098,0,82,8,169,763
8378563200,04/21/2016,15148,12.010000229,19.59,80.00,4236,6.9000000954,0.8199999928,4.2899999619,0,137,16,145,677
8378563200,04/22/2016,12200,9.6700000763,18.71,80.00,4044,4.9099998474,0.5899999738,4.1799998283,0,113,12,159,769
8378563200,04/23/2016,5709,4.5300002098,13.45,74.00,2908,1.5199999809,0.5199999809,2.4800000191,0,19,10,136,740
8378563200,04/24/2016,3703,2.9400000572,12.68,66.00,2741,0,0,2.9400000572,0,0,0,135,734
8378563200,04/25/2016,12405,9.8400001526,18.52,80.00,4005,5.0500001907,0.8700000048,3.9200000763,0,117,16,141,692
8378563200,04/26/2016,16208,12.850000381,17.41,76.00,3763,7.5100002289,0.9200000167,4.4200000763,0,90,18,161,593
8378563200,04/27/2016,7359,5.8400001526,14.16,72.00,3061,0.3300000131,0.1800000072,5.3299999237,0,4,4,192,676
8378563200,04/28/2016,5417,4.3000001907,13.34,72.00,2884,0.8999999762,0.4900000095,2.9100000858,0,11,10,139,711
8378563200,04/29/2016,6175,4.9000000954,13.80,78.00,2982,0.25,0.3600000143,4.2699999809,0,3,7,172,767
8378563200,04/30/2016,2946,2.3399999142,12.30,62.00,2660,0,0,2.3399999142,0,0,0,121,780
8378563200,05/01/2016,11419,9.0600004196,15.59,82.00,3369,6.0300002098,0.5600000024,2.4700000286,0,71,10,127,669
8378563200,05/02/2016,6064,4.8099999428,16.15,80.00,3491,0.6299999952,0.1700000018,4.0100002289,0,63,4,142,802
8378563200,05/03/2016,8712,6.9099998474,17.50,80.00,3784,1.3400000334,1.0599999428,4.5,0,71,20,195,822
8378563200,05/04/2016,7875,6.2399997711,14.38,76.00,3110,1.5599999428,0.4900000095,4.1999998093,0,19,10,167,680
8378563200,05/05/2016,8567,6.7899999619,17.50,80.00,3783,0.8899999857,0.1599999964,5.7399997711,0,66,3,214,764
8378563200,05/06/2016,7045,5.5900001526,16.86,80.00,3644,1.5499999523,0.25,3.7799999714,0,74,5,166,831
8378563200,05/07/2016,4468,3.5399999619,12.95,66.00,2799,0,0,3.5399999619,0,0,0,158,851
8378563200,05/08/2016,2943,2.3299999237,12.42,54.00,2685,0,0,2.3299999237,0,0,0,139,621
8378563200,05/09/2016,8382,6.6500000954,17.21,80.00,3721,1.2699999809,0.6600000262,4.7199997902,0,71,13,171,772
8378563200,05/10/2016,6582,5.2199997902,16.59,80.00,3586,0.6600000262,0.6399999857,3.9200000763,0,63,13,152,840
8378563200,05/11/2016,9143,7.25,17.52,80.00,3788,1.3899999857,0.5899999738,5.2699999809,0,72,10,184,763
8378563200,05/12/2016,4561,3.6199998856,13.72,70.00,1976,0.6499999762,0.2700000107,2.6900000572,0,8,6,102,433
8583815059,04/12/2016,5014,3.9100000858,13.12,72.00,2650,0,0.3300000131,3.5799999237,0,0,7,196,1237
8583815059,04/13/2016,5571,4.3499999046,13.14,62.00,2654,0.150000006,0.9700000286,3.2300000191,0,2,23,163,1252
8583815059,04/14/2016,3135,2.4500000477,12.09,50.00,2443,0,0,2.4300000668,0,0,0,134,1306
8583815059,04/15/2016,3430,2.6800000668,10.93,42.00,2505,0,0,0.8999999762,0,0,0,65,1375
8583815059,04/16/2016,5319,4.1500000954,10.00,10.00,2693,0,0,0,0,0,0,0,1440
8583815059,04/17/2016,3008,2.3499999046,10.00,10.00,2439,0,0,0,0,0,0,0,1440
8583815059,04/18/2016,3864,3.0099999905,12.37,66.00,2536,0.3100000024,1.0599999428,1.3500000238,0,4,22,105,1309
8583815059,04/19/2016,5697,4.4400000572,13.21,70.00,2668,0.5299999714,0.4799999893,3.4400000572,0,7,10,166,1257
8583815059,04/20/2016,5273,4.1100001335,13.11,58.00,2647,0,1.0399999619,3.0699999332,0,0,27,167,1246
8583815059,04/21/2016,8538,6.6599998474,14.28,72.00,2883,2.6300001144,1.0199999809,3.0099999905,0,35,18,158,1229
8583815059,04/22/2016,8687,6.7800002098,14.58,66.00,2944,0.2899999917,2.4100000858,4.0799999237,0,4,54,212,1170
8583815059,04/23/2016,9423,7.3499999046,14.91,70.00,3012,0.5299999714,2.0299999714,4.75,0,7,44,238,1151
8583815059,04/24/2016,8286,6.4600000381,14.31,66.00,2889,0.150000006,2.0499999523,4.2699999809,0,2,44,206,1188
8583815059,04/25/2016,4503,3.5099999905,12.62,74.00,2547,1.4700000286,0.2399999946,1.8099999428,0,18,6,122,1294
8583815059,04/26/2016,10499,8.1899995804,15.32,64.00,3093,0.0700000003,4.2199997902,3.8900001049,0,1,91,214,1134
8583815059,04/27/2016,12474,9.7299995422,15.56,80.00,3142,6.5999999046,0.2700000107,2.8699998856,0,77,5,129,1229
8583815059,04/28/2016,6174,4.8200001717,13.65,62.00,2757,0,1.2000000477,3.6099998951,0,0,28,203,1209
8583815059,04/29/2016,15168,11.829999924,17.38,76.00,3513,3.9000000954,3,4.9200000763,0,46,67,258,1069
8583815059,04/30/2016,10085,7.8699998856,15.67,70.00,3164,0.150000006,1.2799999714,6.4299998283,0,2,28,317,1093
8583815059,05/01/2016,4512,3.5199999809,12.19,70.00,2596,0.7799999714,0.1199999973,2.0399999619,0,10,2,117,1311
8583815059,05/02/2016,8469,6.6100001335,10.00,10.00,2894,0,0,0,0,0,0,0,1440
8583815059,05/03/2016,12015,9.3699998856,10.00,10.00,3212,0,0,0,0,0,0,0,1440
8583815059,05/04/2016,3588,2.7999999523,10.00,10.00,2516,0,0,0,0,0,0,0,1440
8583815059,05/05/2016,12427,9.6899995804,11.06,60.00,3266,0,0,1.1799999475,0,0,0,70,1370
8583815059,05/06/2016,5843,4.5599999428,13.28,68.00,2683,0.1400000006,1.1900000572,3.2300000191,0,2,22,166,1250
8583815059,05/07/2016,6117,4.7699999809,13.92,70.00,2810,0,0,4.7699999809,0,0,0,250,1190
8583815059,05/08/2016,9217,7.1900000572,14.56,66.00,2940,0.2199999988,3.3099999428,3.6600000858,0,3,72,182,1183
8583815059,05/09/2016,9877,7.6999998093,14.56,80.00,2947,5.7600002289,0.1700000018,1.7300000191,0,66,4,110,1260
8583815059,05/10/2016,8240,6.4299998283,14.07,74.00,2846,0.6899999976,2.0099999905,3.7200000286,0,9,43,162,1226
8583815059,05/11/2016,8701,6.7899999619,14.75,70.00,2804,0.3700000048,3.2400000095,3.1700000763,0,5,71,177,1106
8583815059,05/12/2016,0,0,,,0,0,0,0,0,0,0,0,1440
8792009665,04/12/2016,2564,1.6399999857,12.11,66.00,2044,0,0,1.6399999857,0,0,0,116,831
8792009665,04/13/2016,1320,0.8399999738,11.46,56.00,1934,0,0,0.8399999738,0,0,0,82,806
8792009665,04/14/2016,1219,0.7799999714,11.63,68.00,1963,0,0,0.7799999714,0,0,0,84,853
8792009665,04/15/2016,2483,1.5900000334,11.90,46.00,2009,0,0,1.5900000334,0,0,0,126,937
8792009665,04/16/2016,244,0.1599999964,10.19,36.00,1721,0,0,0.1599999964,0,0,0,12,1428
8792009665,04/17/2016,0,0,10.00,10.00,1688,0,0,0,0,0,0,0,1440
8792009665,04/18/2016,0,0,10.00,10.00,1688,0,0,0,0,0,0,0,1440
8792009665,04/19/2016,0,0,10.00,10.00,1688,0,0,0,0,0,0,0,1440
8792009665,04/20/2016,3147,2.0099999905,12.96,60.00,2188,0,0.2800000012,1.7400000095,0,0,10,139,744
8792009665,04/21/2016,144,0.0900000036,10.19,48.00,1720,0,0,0.0900000036,0,0,0,9,1431
8792009665,04/22/2016,4068,2.5999999046,14.33,77.00,2419,0.0500000007,0.2800000012,2.2699999809,0,1,20,195,817
8792009665,04/23/2016,5245,3.3599998951,16.27,98.00,2748,0.1599999964,0.4399999976,2.75,0,8,45,232,795
8792009665,04/24/2016,400,0.2599999905,10.66,62.00,1799,0.0399999991,0.0500000007,0.1599999964,0,3,8,19,1410
8792009665,04/25/2016,0,0,10.00,10.00,1688,0,0,0,0,0,0,0,1440
8792009665,04/26/2016,1321,0.8500000238,11.42,50.00,1928,0,0,0.8500000238,0,0,0,80,1360
8792009665,04/27/2016,1758,1.1299999952,12.24,65.00,2067,0,0,1.1299999952,0,0,0,112,900
8792009665,04/28/2016,6157,3.9400000572,16.46,82.00,2780,0,0,3.9400000572,0,0,0,310,714
8792009665,04/29/2016,8360,5.3499999046,18.37,72.00,3101,0.1400000006,0.2800000012,4.9299998283,0,6,14,380,634
8792009665,04/30/2016,7174,4.5900001526,17.15,78.00,2896,0.3300000131,0.3600000143,3.9100000858,0,10,20,301,749
8792009665,05/01/2016,1619,1.0399999619,11.62,61.00,1962,0,0,1.0399999619,0,0,0,79,834
8792009665,05/02/2016,1831,1.1699999571,11.93,62.00,2015,0,0,1.1699999571,0,0,0,101,916
8792009665,05/03/2016,2421,1.5499999523,13.61,65.00,2297,0,0,1.5499999523,0,0,0,156,739
8792009665,05/04/2016,2283,1.4600000381,12.24,60.00,2067,0,0,1.4600000381,0,0,0,129,848
8792009665,05/05/2016,0,0,10.00,11.00,1688,0,0,0,0,0,0,0,1440
8792009665,05/06/2016,0,0,10.00,10.00,1688,0,0,0,0,0,0,0,1440
8792009665,05/07/2016,0,0,10.00,10.00,1688,0,0,0,0,0,0,0,1440
8792009665,05/08/2016,0,0,10.00,10.00,1688,0,0,0,0,0,0,0,1440
8792009665,05/09/2016,0,0,10.00,10.00,1688,0,0,0,0,0,0,0,1440
8792009665,05/10/2016,0,0,,,57,0,0,0,0,0,0,0,48
8877689391,04/12/2016,23186,20.399999619,22.23,125.00,3921,12.220000267,0.3400000036,7.8200001717,0,85,7,312,1036
8877689391,04/13/2016,15337,9.5799999237,20.32,111.00,3566,3.5499999523,0.3799999952,5.6399998665,0,108,18,216,1098
8877689391,04/14/2016,21129,18.979999542,21.64,135.00,3793,10.550000191,0.5899999738,7.75,0.0199999996,68,13,298,1061
8877689391,04/15/2016,13422,7.1700000763,22.37,118.00,3934,0.0500000007,0.0500000007,7.0100002289,0.0099999998,106,1,281,1052
8877689391,04/16/2016,29326,25.290000916,25.78,135.00,4547,13.239999771,1.2100000381,10.710000038,0,94,29,429,888
8877689391,04/17/2016,15118,8.8699998856,20.11,114.00,3545,0,0.0700000003,8.7899999619,0,58,15,307,1060
8877689391,04/18/2016,11423,8.6700000763,15.64,96.00,2761,2.4400000572,0.2700000107,5.9400000572,0,29,5,191,1215
8877689391,04/19/2016,18785,17.399999619,20.87,141.00,3676,12.149999619,0.1800000072,5.0300002098,0,82,13,214,1131
8877689391,04/20/2016,19948,18.11000061,20.93,137.00,3679,11.020000458,0.6899999976,6.3400001526,0,73,19,225,1123
8877689391,04/21/2016,19377,17.620000839,20.90,135.00,3659,12.289999962,0.4199999869,4.8899998665,0,82,13,226,1119
8877689391,04/22/2016,18258,16.309999466,19.50,125.00,3427,10.229999542,0.0299999993,5.9699997902,0.0500000007,61,2,236,1141
8877689391,04/23/2016,11200,7.4299998283,22.09,119.00,3891,0,0,7.4000000954,0.0099999998,102,6,300,1032
8877689391,04/24/2016,16674,15.739999771,19.61,135.00,3455,11.010000229,0.0099999998,4.6900000572,0,64,1,227,1148
8877689391,04/25/2016,12986,8.7399997711,21.59,134.00,3802,2.3699998856,0.0700000003,6.2699999809,0.0099999998,113,8,218,1101
8877689391,04/26/2016,11101,8.4300003052,16.25,94.00,2860,1.7599999905,0.1299999952,6.5,0,22,3,258,1157
8877689391,04/27/2016,23629,20.649999619,21.62,129.00,3808,13.069999695,0.4399999976,7.0999999046,0,93,8,235,1104
8877689391,04/28/2016,14890,11.300000191,17.41,116.00,3060,4.9299998283,0.3799999952,5.9699997902,0,58,8,231,1143
8877689391,04/29/2016,9733,7.3899998665,15.36,88.00,2698,1.3799999952,0.1700000018,5.7899999619,0,18,5,210,1207
8877689391,04/30/2016,27745,26.719999313,24.95,137.00,4398,21.659999847,0.0799999982,4.9299998283,0,124,4,223,1089
8877689391,05/01/2016,10930,8.3199996948,15.82,100.00,2786,3.1300001144,0.5699999928,4.5700001717,0,36,12,166,1226
8877689391,05/02/2016,4790,3.6400001049,12.42,94.00,2189,0,0,3.5599999428,0,0,0,105,1335
8877689391,05/03/2016,10818,8.2100000381,16.03,102.00,2817,1.3899999857,0.1000000015,6.6700000763,0.0099999998,19,3,229,1189
8877689391,05/04/2016,18193,16.299999237,19.85,133.00,3477,10.420000076,0.3100000024,5.5300002098,0,66,8,212,1154
8877689391,05/05/2016,14055,10.670000076,17.42,96.00,3052,5.4600000381,0.8199999928,4.3699998856,0,67,15,188,1170
8877689391,05/06/2016,21727,19.340000153,22.80,137.00,4015,12.789999962,0.2899999917,6.1599998474,0,96,17,232,1095
8877689391,05/07/2016,12332,8.1300001144,23.51,117.00,4142,0.0799999982,0.9599999785,6.9899997711,0,105,28,271,1036
8877689391,05/08/2016,10686,8.1099996567,16.16,88.00,2847,1.0800000429,0.200000003,6.8000001907,0,17,4,245,1174
8877689391,05/09/2016,20226,18.25,21.01,139.00,3710,11.100000381,0.8000000119,6.2399997711,0.0500000007,73,19,217,1131
8877689391,05/10/2016,10733,8.1499996185,16.07,98.00,2832,1.3500000238,0.4600000083,6.2800002098,0,18,11,224,1187
8877689391,05/11/2016,21420,19.559999466,21.75,141.00,3832,13.220000267,0.4099999964,5.8899998665,0,88,12,213,1127
8877689391,05/12/2016,8064,6.1199998856,16.28,88.00,1849,1.8200000525,0.0399999991,4.25,0,23,1,137,770
